County Name	Day of Report Date	New Cases	New Death	Total Cases	Total Death	Total_Cases_Count	Total_Death_Count
Carson City	1.Oca.22	0	0	9760	180	9760	180
Carson City	2.Oca.22	0	0	9760	180	9760	180
Carson City	3.Oca.22	23	3	9783	183	9783	183
Carson City	4.Oca.22	70	0	9853	183	9853	183
Carson City	5.Oca.22	29	0	9882	183	9882	183
Carson City	6.Oca.22	70	1	9952	184	9952	184
Carson City	7.Oca.22	86	0	10038	184	10038	184
Carson City	8.Oca.22	0	0	10038	184	10038	184
Carson City	9.Oca.22	0	0	10038	184	10038	184
Carson City	10.Oca.22	156	0	10194	184	10194	184
Carson City	11.Oca.22	261	1	10455	185	10455	185
Carson City	12.Oca.22	75	0	10530	185	10530	185
Carson City	13.Oca.22	193	0	10723	185	10723	185
Carson City	14.Oca.22	168	3	10891	188	10891	188
Carson City	15.Oca.22	0	0	10891	188	10891	188
Carson City	16.Oca.22	0	0	10891	188	10891	188
Carson City	17.Oca.22	0	0	10891	188	10891	188
Carson City	18.Oca.22	175	0	11066	188	11066	188
Carson City	19.Oca.22	518	0	11584	188	11584	188
Carson City	20.Oca.22	172	0	11756	188	11756	188
Carson City	21.Oca.22	261	0	12017	188	12017	188
Carson City	22.Oca.22	0	0	12017	188	12017	188
Carson City	23.Oca.22	0	0	12017	188	12017	188
Carson City	24.Oca.22	500	0	12517	188	12517	188
Carson City	25.Oca.22	39	0	12556	188	12556	188
Carson City	26.Oca.22	334	0	12890	188	12890	188
Carson City	27.Oca.22	192	0	13082	188	13082	188
Carson City	28.Oca.22	200	1	13282	189	13282	189
Carson City	29.Oca.22	0	0	13282	189	13282	189
Carson City	30.Oca.22	0	0	13282	189	13282	189
Carson City	31.Oca.22	146	0	13428	189	13428	189
Carson City	1.Þub.22	236	0	13664	189	13664	189
Carson City	2.Þub.22	38	0	13702	189	13702	189
Carson City	3.Þub.22	106	0	13808	189	13808	189
Carson City	4.Þub.22	109	2	13917	191	13917	191
Carson City	5.Þub.22	0	0	13917	191	13917	191
Carson City	6.Þub.22	0	0	13917	191	13917	191
Carson City	7.Þub.22	0	0	13917	191	13917	191
Carson City	8.Þub.22	136	1	14053	192	14053	192
Carson City	9.Þub.22	82	1	14135	193	14135	193
Carson City	10.Þub.22	30	1	14165	194	14165	194
Carson City	11.Þub.22	24	1	14189	195	14189	195
Carson City	12.Þub.22	0	0	14189	195	14189	195
Carson City	13.Þub.22	0	0	14189	195	14189	195
Carson City	14.Þub.22	47	0	14236	195	14236	195
Carson City	15.Þub.22	56	0	14292	195	14292	195
Carson City	16.Þub.22	9	1	14301	196	14301	196
Carson City	17.Þub.22	31	0	14332	196	14332	196
Carson City	18.Þub.22	0	0	14332	196	14332	196
Carson City	19.Þub.22	0	0	14332	196	14332	196
Carson City	20.Þub.22	0	0	14332	196	14332	196
Carson City	21.Þub.22	0	0	14332	196	14332	196
Carson City	22.Þub.22	0	0	14332	196	14332	196
Carson City	23.Þub.22	1	0	14333	196	14333	196
Carson City	24.Þub.22	71	0	14404	196	14404	196
Carson City	25.Þub.22	13	1	14417	197	14417	197
Carson City	26.Þub.22	0	0	14417	197	14417	197
Carson City	27.Þub.22	0	0	14417	197	14417	197
Carson City	28.Þub.22	2	4	14419	201	14419	201
Carson City	1.Mar.22	19	1	14438	202	14438	202
Carson City	2.Mar.22	12	1	14450	203	14450	203
Carson City	3.Mar.22	6	0	14456	203	14456	203
Carson City	4.Mar.22	7	1	14463	204	14463	204
Carson City	5.Mar.22	0	0	14463	204	14463	204
Carson City	6.Mar.22	0	0	14463	204	14463	204
Carson City	7.Mar.22	2	0	14465	204	14465	204
Carson City	8.Mar.22	5	0	14470	204	14470	204
Carson City	9.Mar.22	0	2	14470	206	14470	206
Carson City	10.Mar.22	8	0	14478	206	14478	206
Carson City	11.Mar.22	2	3	14480	209	14480	209
Carson City	12.Mar.22	0	0	14480	209	14480	209
Carson City	13.Mar.22	0	0	14480	209	14480	209
Carson City	14.Mar.22	0	0	14480	209	14480	209
Carson City	15.Mar.22	0	0	14480	209	14480	209
Carson City	16.Mar.22	213	3	14693	212	14693	212
Carson City	17.Mar.22	0	0	14693	212	14693	212
Carson City	18.Mar.22	0	0	14693	212	14693	212
Carson City	19.Mar.22	0	0	14693	212	14693	212
Carson City	20.Mar.22	0	0	14693	212	14693	212
Carson City	21.Mar.22	0	0	14693	212	14693	212
Carson City	22.Mar.22	0	0	14693	212	14693	212
Carson City	23.Mar.22	85	1	14778	213	14778	213
Carson City	24.Mar.22	0	0	14778	213	14778	213
Carson City	25.Mar.22	0	0	14778	213	14778	213
Carson City	26.Mar.22	0	0	14778	213	14778	213
Carson City	27.Mar.22	0	0	14778	213	14778	213
Carson City	28.Mar.22	0	0	14778	213	14778	213
Carson City	29.Mar.22	0	0	14778	213	14778	213
Carson City	30.Mar.22	58	1	14836	214	14836	214
Carson City	31.Mar.22	0	0	14836	214	14836	214
Carson City	1.Nis.22	0	0	14836	214	14836	214
Carson City	2.Nis.22	0	0	14836	214	14836	214
Carson City	3.Nis.22	0	0	14836	214	14836	214
Carson City	4.Nis.22	0	0	14836	214	14836	214
Carson City	5.Nis.22	0	0	14836	214	14836	214
Carson City	6.Nis.22	50	2	14886	216	14886	216
Carson City	7.Nis.22	0	0	14886	216	14886	216
Carson City	8.Nis.22	0	0	14886	216	14886	216
Carson City	9.Nis.22	0	0	14886	216	14886	216
Carson City	10.Nis.22	0	0	14886	216	14886	216
Carson City	11.Nis.22	0	0	14886	216	14886	216
Carson City	12.Nis.22	0	0	14886	216	14886	216
Carson City	13.Nis.22	36	0	14922	216	14922	216
Carson City	14.Nis.22	0	0	14922	216	14922	216
Carson City	15.Nis.22	0	0	14922	216	14922	216
Carson City	16.Nis.22	0	0	14922	216	14922	216
Carson City	17.Nis.22	0	0	14922	216	14922	216
Carson City	18.Nis.22	0	0	14922	216	14922	216
Carson City	19.Nis.22	0	0	14922	216	14922	216
Carson City	20.Nis.22	20	1	14942	217	14942	217
Carson City	21.Nis.22	0	0	14942	217	14942	217
Carson City	22.Nis.22	0	0	14942	217	14942	217
Carson City	23.Nis.22	0	0	14942	217	14942	217
Carson City	24.Nis.22	0	0	14942	217	14942	217
Carson City	25.Nis.22	0	0	14942	217	14942	217
Carson City	26.Nis.22	0	0	14942	217	14942	217
Carson City	27.Nis.22	30	0	14972	217	14972	217
Carson City	28.Nis.22	0	0	14972	217	14972	217
Carson City	29.Nis.22	0	0	14972	217	14972	217
Churchill	1.Oca.22	0	0	4463	92	4463	92
Churchill	2.Oca.22	0	0	4463	92	4463	92
Churchill	3.Oca.22	12	0	4475	92	4475	92
Churchill	4.Oca.22	41	0	4516	92	4516	92
Churchill	5.Oca.22	10	0	4526	92	4526	92
Churchill	6.Oca.22	18	0	4544	92	4544	92
Churchill	7.Oca.22	25	0	4569	92	4569	92
Churchill	8.Oca.22	0	0	4569	92	4569	92
Churchill	9.Oca.22	0	0	4569	92	4569	92
Churchill	10.Oca.22	39	0	4608	92	4608	92
Churchill	11.Oca.22	63	0	4671	92	4671	92
Churchill	12.Oca.22	9	0	4680	92	4680	92
Churchill	13.Oca.22	21	0	4701	92	4701	92
Churchill	14.Oca.22	103	0	4804	92	4804	92
Churchill	15.Oca.22	0	0	4804	92	4804	92
Churchill	16.Oca.22	0	0	4804	92	4804	92
Churchill	17.Oca.22	0	0	4804	92	4804	92
Churchill	18.Oca.22	143	0	4947	92	4947	92
Churchill	19.Oca.22	18	0	4965	92	4965	92
Churchill	20.Oca.22	101	0	5066	92	5066	92
Churchill	21.Oca.22	72	0	5138	92	5138	92
Churchill	22.Oca.22	0	0	5138	92	5138	92
Churchill	23.Oca.22	0	0	5138	92	5138	92
Churchill	24.Oca.22	200	0	5338	92	5338	92
Churchill	25.Oca.22	129	0	5467	92	5467	92
Churchill	26.Oca.22	81	0	5548	92	5548	92
Churchill	27.Oca.22	115	1	5663	93	5663	93
Churchill	28.Oca.22	90	0	5753	93	5753	93
Churchill	29.Oca.22	0	0	5753	93	5753	93
Churchill	30.Oca.22	0	0	5753	93	5753	93
Churchill	31.Oca.22	99	0	5852	93	5852	93
Churchill	1.Þub.22	21	0	5873	93	5873	93
Churchill	2.Þub.22	34	0	5907	93	5907	93
Churchill	3.Þub.22	80	2	5987	95	5987	95
Churchill	4.Þub.22	44	0	6031	95	6031	95
Churchill	5.Þub.22	0	0	6031	95	6031	95
Churchill	6.Þub.22	0	0	6031	95	6031	95
Churchill	7.Þub.22	84	2	6115	97	6115	97
Churchill	8.Þub.22	23	0	6138	97	6138	97
Churchill	9.Þub.22	48	0	6186	97	6186	97
Churchill	10.Þub.22	35	0	6221	97	6221	97
Churchill	11.Þub.22	33	1	6254	98	6254	98
Churchill	12.Þub.22	0	0	6254	98	6254	98
Churchill	13.Þub.22	0	0	6254	98	6254	98
Churchill	14.Þub.22	60	0	6314	98	6314	98
Churchill	15.Þub.22	12	2	6326	100	6326	100
Churchill	16.Þub.22	8	1	6334	101	6334	101
Churchill	17.Þub.22	5	0	6339	101	6339	101
Churchill	18.Þub.22	21	0	6360	101	6360	101
Churchill	19.Þub.22	0	0	6360	101	6360	101
Churchill	20.Þub.22	0	0	6360	101	6360	101
Churchill	21.Þub.22	0	0	6360	101	6360	101
Churchill	22.Þub.22	0	0	6360	101	6360	101
Churchill	23.Þub.22	36	1	6396	102	6396	102
Churchill	24.Þub.22	15	3	6411	105	6411	105
Churchill	25.Þub.22	11	0	6422	105	6422	105
Churchill	26.Þub.22	0	0	6422	105	6422	105
Churchill	27.Þub.22	0	0	6422	105	6422	105
Churchill	28.Þub.22	4	0	6426	105	6426	105
Churchill	1.Mar.22	18	0	6444	105	6444	105
Churchill	2.Mar.22	2	0	6446	105	6446	105
Churchill	3.Mar.22	1	1	6447	106	6447	106
Churchill	4.Mar.22	6	0	6453	106	6453	106
Churchill	5.Mar.22	0	0	6453	106	6453	106
Churchill	6.Mar.22	0	0	6453	106	6453	106
Churchill	7.Mar.22	3	0	6456	106	6456	106
Churchill	8.Mar.22	6	0	6462	106	6462	106
Churchill	9.Mar.22	4	0	6466	106	6466	106
Churchill	10.Mar.22	3	1	6469	107	6469	107
Churchill	11.Mar.22	4	0	6473	107	6473	107
Churchill	12.Mar.22	0	0	6473	107	6473	107
Churchill	13.Mar.22	0	0	6473	107	6473	107
Churchill	14.Mar.22	0	0	6473	107	6473	107
Churchill	15.Mar.22	0	0	6473	107	6473	107
Churchill	16.Mar.22	84	0	6557	107	6557	107
Churchill	17.Mar.22	0	0	6557	107	6557	107
Churchill	18.Mar.22	0	0	6557	107	6557	107
Churchill	19.Mar.22	0	0	6557	107	6557	107
Churchill	20.Mar.22	0	0	6557	107	6557	107
Churchill	21.Mar.22	0	0	6557	107	6557	107
Churchill	22.Mar.22	0	0	6557	107	6557	107
Churchill	23.Mar.22	8	2	6565	109	6565	109
Churchill	24.Mar.22	0	0	6565	109	6565	109
Churchill	25.Mar.22	0	0	6565	109	6565	109
Churchill	26.Mar.22	0	0	6565	109	6565	109
Churchill	27.Mar.22	0	0	6565	109	6565	109
Churchill	28.Mar.22	0	0	6565	109	6565	109
Churchill	29.Mar.22	0	0	6565	109	6565	109
Churchill	30.Mar.22	3	1	6568	110	6568	110
Churchill	31.Mar.22	0	0	6568	110	6568	110
Churchill	1.Nis.22	0	0	6568	110	6568	110
Churchill	2.Nis.22	0	0	6568	110	6568	110
Churchill	3.Nis.22	0	0	6568	110	6568	110
Churchill	4.Nis.22	0	0	6568	110	6568	110
Churchill	5.Nis.22	0	0	6568	110	6568	110
Churchill	6.Nis.22	1	0	6569	110	6569	110
Churchill	7.Nis.22	0	0	6569	110	6569	110
Churchill	8.Nis.22	0	0	6569	110	6569	110
Churchill	9.Nis.22	0	0	6569	110	6569	110
Churchill	10.Nis.22	0	0	6569	110	6569	110
Churchill	11.Nis.22	0	0	6569	110	6569	110
Churchill	12.Nis.22	0	0	6569	110	6569	110
Churchill	13.Nis.22	0	0	6569	110	6569	110
Churchill	14.Nis.22	0	0	6569	110	6569	110
Churchill	15.Nis.22	0	0	6569	110	6569	110
Churchill	16.Nis.22	0	0	6569	110	6569	110
Churchill	17.Nis.22	0	0	6569	110	6569	110
Churchill	18.Nis.22	0	0	6569	110	6569	110
Churchill	19.Nis.22	0	0	6569	110	6569	110
Churchill	20.Nis.22	9	0	6578	110	6578	110
Churchill	21.Nis.22	0	0	6578	110	6578	110
Churchill	22.Nis.22	0	0	6578	110	6578	110
Churchill	23.Nis.22	0	0	6578	110	6578	110
Churchill	24.Nis.22	0	0	6578	110	6578	110
Churchill	25.Nis.22	0	0	6578	110	6578	110
Churchill	26.Nis.22	0	0	6578	110	6578	110
Churchill	27.Nis.22	3	0	6581	110	6581	110
Churchill	28.Nis.22	0	0	6581	110	6581	110
Churchill	29.Nis.22	0	0	6581	110	6581	110
Clark	1.Oca.22	0	0	378138	6461	378138	6461
Clark	2.Oca.22	0	0	378138	6461	378138	6461
Clark	3.Oca.22	12004	0	390142	6461	390142	6461
Clark	8.Oca.22	0	0	401096	6529	401096	6529
Clark	9.Oca.22	0	0	401096	6529	401096	6529
Clark	15.Oca.22	0	0	436128	6625	436128	6625
Clark	16.Oca.22	0	0	436128	6625	436128	6625
Clark	17.Oca.22	0	0	436128	6625	436128	6625
Clark	22.Oca.22	0	0	465458	6715	465458	6715
Clark	23.Oca.22	0	0	465458	6715	465458	6715
Clark	29.Oca.22	0	0	488299	6866	488299	6866
Clark	30.Oca.22	0	0	488299	6866	488299	6866
Clark	5.Þub.22	0	0	499077	7043	499077	7043
Clark	6.Þub.22	0	0	499077	7043	499077	7043
Clark	12.Þub.22	0	0	503722	7195	503722	7195
Clark	13.Þub.22	0	0	503722	7195	503722	7195
Clark	19.Þub.22	0	0	506095	7333	506095	7333
Clark	20.Þub.22	0	0	506095	7333	506095	7333
Clark	21.Þub.22	0	0	506095	7333	506095	7333
Clark	26.Þub.22	0	0	508796	7452	508796	7452
Clark	27.Þub.22	0	0	508796	7452	508796	7452
Clark	5.Mar.22	0	0	512110	7552	512110	7552
Clark	6.Mar.22	0	0	512110	7552	512110	7552
Clark	12.Mar.22	0	0	514620	7653	514620	7653
Clark	13.Mar.22	0	0	514620	7653	514620	7653
Clark	14.Mar.22	0	0	514620	7653	514620	7653
Clark	15.Mar.22	0	0	514620	7653	514620	7653
Clark	17.Mar.22	0	0	533423	7673	533423	7673
Clark	18.Mar.22	0	0	533423	7673	533423	7673
Clark	19.Mar.22	0	0	533423	7673	533423	7673
Clark	20.Mar.22	0	0	533423	7673	533423	7673
Clark	21.Mar.22	0	0	533423	7673	533423	7673
Clark	22.Mar.22	0	0	533423	7673	533423	7673
Clark	24.Mar.22	0	0	534168	7739	534168	7739
Clark	25.Mar.22	0	0	534168	7739	534168	7739
Clark	26.Mar.22	0	0	534168	7739	534168	7739
Clark	27.Mar.22	0	0	534168	7739	534168	7739
Clark	28.Mar.22	0	0	534168	7739	534168	7739
Clark	29.Mar.22	0	0	534168	7739	534168	7739
Clark	31.Mar.22	0	0	535036	7789	535036	7789
Clark	1.Nis.22	0	0	535036	7789	535036	7789
Clark	2.Nis.22	0	0	535036	7789	535036	7789
Clark	3.Nis.22	0	0	535036	7789	535036	7789
Clark	4.Nis.22	0	0	535036	7789	535036	7789
Clark	5.Nis.22	0	0	535036	7789	535036	7789
Clark	7.Nis.22	0	0	535929	7825	535929	7825
Clark	8.Nis.22	0	0	535929	7825	535929	7825
Clark	9.Nis.22	0	0	535929	7825	535929	7825
Clark	10.Nis.22	0	0	535929	7825	535929	7825
Clark	11.Nis.22	0	0	535929	7825	535929	7825
Clark	12.Nis.22	0	0	535929	7825	535929	7825
Clark	14.Nis.22	0	0	536770	8181	536770	8181
Clark	15.Nis.22	0	0	536770	8181	536770	8181
Clark	16.Nis.22	0	0	536770	8181	536770	8181
Clark	17.Nis.22	0	0	536770	8181	536770	8181
Clark	18.Nis.22	0	0	536770	8181	536770	8181
Clark	19.Nis.22	0	0	536770	8181	536770	8181
Clark	21.Nis.22	0	0	537776	8355	537776	8355
Clark	22.Nis.22	0	0	537776	8355	537776	8355
Clark	23.Nis.22	0	0	537776	8355	537776	8355
Clark	24.Nis.22	0	0	537776	8355	537776	8355
Clark	25.Nis.22	0	0	537776	8355	537776	8355
Clark	26.Nis.22	0	0	537776	8355	537776	8355
Clark	28.Nis.22	0	0	539351	8421	539351	8421
Clark	29.Nis.22	0	0	539351	8421	539351	8421
Clark	7.Oca.22	3849	2	401096	6529	401096	6529
Clark	1.Mar.22	160	10	511181	7489	511181	7489
Clark	5.Oca.22	3044	13	395432	6512	395432	6512
Clark	18.Þub.22	437	14	506095	7333	506095	7333
Clark	4.Mar.22	465	14	512110	7552	512110	7552
Clark	6.Oca.22	1815	15	397247	6527	397247	6527
Clark	10.Oca.22	15448	15	416544	6544	416544	6544
Clark	23.Þub.22	184	16	506950	7387	506950	7387
Clark	10.Mar.22	650	16	514086	7633	514086	7633
Clark	12.Oca.22	5149	17	425188	6588	425188	6588
Clark	14.Oca.22	4917	17	436128	6625	436128	6625
Clark	11.Þub.22	592	17	503722	7195	503722	7195
Clark	3.Mar.22	228	17	511645	7538	511645	7538
Clark	24.Oca.22	11514	18	476972	6733	476972	6733
Clark	7.Mar.22	461	18	512571	7570	512571	7570
Clark	20.Oca.22	3914	19	461535	6694	461535	6694
Clark	16.Þub.22	349	19	505500	7286	505500	7286
Clark	24.Þub.22	422	19	507372	7406	507372	7406
Clark	13.Oca.22	6023	20	431211	6608	431211	6608
Clark	3.Þub.22	958	20	497970	6993	497970	6993
Clark	11.Mar.22	534	20	514620	7653	514620	7653
Clark	16.Mar.22	18803	20	533423	7673	533423	7673
Clark	18.Oca.22	18645	21	454773	6646	454773	6646
Clark	21.Oca.22	3923	21	465458	6715	465458	6715
Clark	8.Mar.22	334	21	512905	7591	512905	7591
Clark	14.Þub.22	1115	25	504837	7220	504837	7220
Clark	9.Mar.22	531	26	513436	7617	513436	7617
Clark	11.Oca.22	3495	27	420039	6571	420039	6571
Clark	31.Oca.22	6444	27	494743	6893	494743	6893
Clark	28.Þub.22	2225	27	511021	7479	511021	7479
Clark	2.Þub.22	1128	28	497012	6973	497012	6973
Clark	7.Þub.22	1753	28	500830	7071	500830	7071
Clark	19.Oca.22	2848	29	457621	6675	457621	6675
Clark	27.Oca.22	2975	31	485655	6833	485655	6833
Clark	9.Þub.22	878	31	502618	7145	502618	7145
Clark	2.Mar.22	236	32	511417	7521	511417	7521
Clark	28.Oca.22	2644	33	488299	6866	488299	6866
Clark	10.Þub.22	512	33	503130	7178	503130	7178
Clark	17.Þub.22	158	33	505658	7319	505658	7319
Clark	25.Oca.22	3238	34	480210	6767	480210	6767
Clark	26.Oca.22	2470	35	482680	6802	482680	6802
Clark	6.Nis.22	893	36	535929	7825	535929	7825
Clark	4.Oca.22	2246	38	392388	6499	392388	6499
Clark	22.Þub.22	671	38	506766	7371	506766	7371
Clark	8.Þub.22	910	43	501740	7114	501740	7114
Clark	25.Þub.22	1424	46	508796	7452	508796	7452
Clark	15.Þub.22	314	47	505151	7267	505151	7267
Clark	4.Þub.22	1107	50	499077	7043	499077	7043
Clark	30.Mar.22	868	50	535036	7789	535036	7789
Clark	1.Þub.22	1141	52	495884	6945	495884	6945
Clark	23.Mar.22	745	66	534168	7739	534168	7739
Clark	27.Nis.22	1575	66	539351	8421	539351	8421
Clark	20.Nis.22	1006	174	537776	8355	537776	8355
Clark	13.Nis.22	841	356	536770	8181	536770	8181
Douglas	1.Oca.22	0	0	5322	74	5322	74
Douglas	2.Oca.22	0	0	5322	74	5322	74
Douglas	3.Oca.22	27	0	5349	74	5349	74
Douglas	4.Oca.22	39	1	5388	75	5388	75
Douglas	5.Oca.22	67	0	5455	75	5455	75
Douglas	6.Oca.22	48	0	5503	75	5503	75
Douglas	7.Oca.22	47	0	5550	75	5550	75
Douglas	8.Oca.22	0	0	5550	75	5550	75
Douglas	9.Oca.22	0	0	5550	75	5550	75
Douglas	10.Oca.22	116	0	5666	75	5666	75
Douglas	11.Oca.22	187	0	5853	75	5853	75
Douglas	12.Oca.22	107	1	5960	76	5960	76
Douglas	13.Oca.22	102	-1	6062	75	6062	75
Douglas	14.Oca.22	118	0	6180	75	6180	75
Douglas	15.Oca.22	0	0	6180	75	6180	75
Douglas	16.Oca.22	0	0	6180	75	6180	75
Douglas	17.Oca.22	0	0	6180	75	6180	75
Douglas	18.Oca.22	78	0	6258	75	6258	75
Douglas	19.Oca.22	296	0	6554	75	6554	75
Douglas	20.Oca.22	253	1	6807	76	6807	76
Douglas	21.Oca.22	157	0	6964	76	6964	76
Douglas	22.Oca.22	0	0	6964	76	6964	76
Douglas	23.Oca.22	0	0	6964	76	6964	76
Douglas	24.Oca.22	146	0	7110	76	7110	76
Douglas	25.Oca.22	-443	0	6667	76	6667	76
Douglas	26.Oca.22	411	2	7078	78	7078	78
Douglas	27.Oca.22	61	1	7139	79	7139	79
Douglas	28.Oca.22	78	0	7217	79	7217	79
Douglas	29.Oca.22	0	0	7217	79	7217	79
Douglas	30.Oca.22	0	0	7217	79	7217	79
Douglas	31.Oca.22	64	0	7281	79	7281	79
Douglas	1.Þub.22	113	2	7394	81	7394	81
Douglas	2.Þub.22	36	0	7430	81	7430	81
Douglas	3.Þub.22	36	0	7466	81	7466	81
Douglas	4.Þub.22	187	1	7653	82	7653	82
Douglas	5.Þub.22	0	0	7653	82	7653	82
Douglas	6.Þub.22	0	0	7653	82	7653	82
Douglas	7.Þub.22	0	0	7653	82	7653	82
Douglas	8.Þub.22	77	0	7730	82	7730	82
Douglas	9.Þub.22	28	0	7758	82	7758	82
Douglas	10.Þub.22	18	0	7776	82	7776	82
Douglas	11.Þub.22	17	0	7793	82	7793	82
Douglas	12.Þub.22	0	0	7793	82	7793	82
Douglas	13.Þub.22	0	0	7793	82	7793	82
Douglas	14.Þub.22	16	0	7809	82	7809	82
Douglas	15.Þub.22	27	1	7836	83	7836	83
Douglas	16.Þub.22	13	1	7849	84	7849	84
Douglas	17.Þub.22	8	2	7857	86	7857	86
Douglas	18.Þub.22	0	0	7857	86	7857	86
Douglas	19.Þub.22	0	0	7857	86	7857	86
Douglas	20.Þub.22	0	0	7857	86	7857	86
Douglas	21.Þub.22	0	0	7857	86	7857	86
Douglas	22.Þub.22	-1	0	7856	86	7856	86
Douglas	23.Þub.22	-1	1	7855	87	7855	87
Douglas	24.Þub.22	47	0	7902	87	7902	87
Douglas	25.Þub.22	3	-1	7905	86	7905	86
Douglas	26.Þub.22	0	0	7905	86	7905	86
Douglas	27.Þub.22	0	0	7905	86	7905	86
Douglas	28.Þub.22	-1	1	7904	87	7904	87
Douglas	1.Mar.22	7	0	7911	87	7911	87
Douglas	2.Mar.22	26	0	7937	87	7937	87
Douglas	3.Mar.22	6	0	7943	87	7943	87
Douglas	4.Mar.22	2	1	7945	88	7945	88
Douglas	5.Mar.22	0	0	7945	88	7945	88
Douglas	6.Mar.22	0	0	7945	88	7945	88
Douglas	7.Mar.22	0	0	7945	88	7945	88
Douglas	8.Mar.22	4	0	7949	88	7949	88
Douglas	9.Mar.22	3	0	7952	88	7952	88
Douglas	10.Mar.22	6	0	7958	88	7958	88
Douglas	11.Mar.22	2	0	7960	88	7960	88
Douglas	12.Mar.22	0	0	7960	88	7960	88
Douglas	13.Mar.22	0	0	7960	88	7960	88
Douglas	14.Mar.22	0	0	7960	88	7960	88
Douglas	15.Mar.22	0	0	7960	88	7960	88
Douglas	16.Mar.22	-856	0	7104	88	7104	88
Douglas	17.Mar.22	0	0	7104	88	7104	88
Douglas	18.Mar.22	0	0	7104	88	7104	88
Douglas	19.Mar.22	0	0	7104	88	7104	88
Douglas	20.Mar.22	0	0	7104	88	7104	88
Douglas	21.Mar.22	0	0	7104	88	7104	88
Douglas	22.Mar.22	0	0	7104	88	7104	88
Douglas	23.Mar.22	90	1	7194	89	7194	89
Douglas	24.Mar.22	0	0	7194	89	7194	89
Douglas	25.Mar.22	0	0	7194	89	7194	89
Douglas	26.Mar.22	0	0	7194	89	7194	89
Douglas	27.Mar.22	0	0	7194	89	7194	89
Douglas	28.Mar.22	0	0	7194	89	7194	89
Douglas	29.Mar.22	0	0	7194	89	7194	89
Douglas	30.Mar.22	24	2	7218	91	7218	91
Douglas	31.Mar.22	0	0	7218	91	7218	91
Douglas	1.Nis.22	0	0	7218	91	7218	91
Douglas	2.Nis.22	0	0	7218	91	7218	91
Douglas	3.Nis.22	0	0	7218	91	7218	91
Douglas	4.Nis.22	0	0	7218	91	7218	91
Douglas	5.Nis.22	0	0	7218	91	7218	91
Douglas	6.Nis.22	39	0	7257	91	7257	91
Douglas	7.Nis.22	0	0	7257	91	7257	91
Douglas	8.Nis.22	0	0	7257	91	7257	91
Douglas	9.Nis.22	0	0	7257	91	7257	91
Douglas	10.Nis.22	0	0	7257	91	7257	91
Douglas	11.Nis.22	0	0	7257	91	7257	91
Douglas	12.Nis.22	0	0	7257	91	7257	91
Douglas	13.Nis.22	45	0	7302	91	7302	91
Douglas	14.Nis.22	0	0	7302	91	7302	91
Douglas	15.Nis.22	0	0	7302	91	7302	91
Douglas	16.Nis.22	0	0	7302	91	7302	91
Douglas	17.Nis.22	0	0	7302	91	7302	91
Douglas	18.Nis.22	0	0	7302	91	7302	91
Douglas	19.Nis.22	0	0	7302	91	7302	91
Douglas	20.Nis.22	15	1	7317	92	7317	92
Douglas	21.Nis.22	0	0	7317	92	7317	92
Douglas	22.Nis.22	0	0	7317	92	7317	92
Douglas	23.Nis.22	0	0	7317	92	7317	92
Douglas	24.Nis.22	0	0	7317	92	7317	92
Douglas	25.Nis.22	0	0	7317	92	7317	92
Douglas	26.Nis.22	0	0	7317	92	7317	92
Douglas	27.Nis.22	36	0	7353	92	7353	92
Douglas	28.Nis.22	0	0	7353	92	7353	92
Douglas	29.Nis.22	0	0	7353	92	7353	92
Elko	1.Oca.22	0	0	9820	124	9820	124
Elko	2.Oca.22	0	0	9820	124	9820	124
Elko	3.Oca.22	18	0	9838	124	9838	124
Elko	4.Oca.22	46	1	9884	125	9884	125
Elko	5.Oca.22	36	0	9920	125	9920	125
Elko	6.Oca.22	31	1	9951	126	9951	126
Elko	7.Oca.22	42	0	9993	126	9993	126
Elko	8.Oca.22	0	0	9993	126	9993	126
Elko	9.Oca.22	0	0	9993	126	9993	126
Elko	10.Oca.22	71	0	10064	126	10064	126
Elko	11.Oca.22	51	0	10115	126	10115	126
Elko	12.Oca.22	39	1	10154	127	10154	127
Elko	13.Oca.22	46	0	10200	127	10200	127
Elko	14.Oca.22	68	0	10268	127	10268	127
Elko	15.Oca.22	0	0	10268	127	10268	127
Elko	16.Oca.22	0	0	10268	127	10268	127
Elko	17.Oca.22	0	0	10268	127	10268	127
Elko	18.Oca.22	374	0	10642	127	10642	127
Elko	19.Oca.22	96	0	10738	127	10738	127
Elko	20.Oca.22	176	0	10914	127	10914	127
Elko	21.Oca.22	170	0	11084	127	11084	127
Elko	22.Oca.22	0	0	11084	127	11084	127
Elko	23.Oca.22	0	0	11084	127	11084	127
Elko	24.Oca.22	77	0	11161	127	11161	127
Elko	25.Oca.22	184	0	11345	127	11345	127
Elko	26.Oca.22	189	0	11534	127	11534	127
Elko	27.Oca.22	80	0	11614	127	11614	127
Elko	28.Oca.22	93	0	11707	127	11707	127
Elko	29.Oca.22	0	0	11707	127	11707	127
Elko	30.Oca.22	0	0	11707	127	11707	127
Elko	31.Oca.22	55	0	11762	127	11762	127
Elko	1.Þub.22	24	0	11786	127	11786	127
Elko	2.Þub.22	61	0	11847	127	11847	127
Elko	3.Þub.22	46	0	11893	127	11893	127
Elko	4.Þub.22	57	0	11950	127	11950	127
Elko	5.Þub.22	0	0	11950	127	11950	127
Elko	6.Þub.22	0	0	11950	127	11950	127
Elko	7.Þub.22	47	0	11997	127	11997	127
Elko	8.Þub.22	44	1	12041	128	12041	128
Elko	9.Þub.22	25	0	12066	128	12066	128
Elko	10.Þub.22	23	1	12089	129	12089	129
Elko	11.Þub.22	27	0	12116	129	12116	129
Elko	12.Þub.22	0	0	12116	129	12116	129
Elko	13.Þub.22	0	0	12116	129	12116	129
Elko	14.Þub.22	43	1	12159	130	12159	130
Elko	15.Þub.22	0	0	12159	130	12159	130
Elko	16.Þub.22	86	1	12245	131	12245	131
Elko	17.Þub.22	13	0	12258	131	12258	131
Elko	18.Þub.22	12	0	12270	131	12270	131
Elko	19.Þub.22	0	0	12270	131	12270	131
Elko	20.Þub.22	0	0	12270	131	12270	131
Elko	21.Þub.22	0	0	12270	131	12270	131
Elko	22.Þub.22	21	0	12291	131	12291	131
Elko	23.Þub.22	6	0	12297	131	12297	131
Elko	24.Þub.22	3	4	12300	135	12300	135
Elko	25.Þub.22	5	0	12305	135	12305	135
Elko	26.Þub.22	0	0	12305	135	12305	135
Elko	27.Þub.22	0	0	12305	135	12305	135
Elko	28.Þub.22	8	0	12313	135	12313	135
Elko	1.Mar.22	7	0	12320	135	12320	135
Elko	2.Mar.22	7	0	12327	135	12327	135
Elko	3.Mar.22	4	0	12331	135	12331	135
Elko	4.Mar.22	2	0	12333	135	12333	135
Elko	5.Mar.22	0	0	12333	135	12333	135
Elko	6.Mar.22	0	0	12333	135	12333	135
Elko	7.Mar.22	1	0	12334	135	12334	135
Elko	8.Mar.22	2	0	12336	135	12336	135
Elko	9.Mar.22	2	0	12338	135	12338	135
Elko	10.Mar.22	2	0	12340	135	12340	135
Elko	11.Mar.22	2	0	12342	135	12342	135
Elko	12.Mar.22	0	0	12342	135	12342	135
Elko	13.Mar.22	0	0	12342	135	12342	135
Elko	14.Mar.22	0	0	12342	135	12342	135
Elko	15.Mar.22	0	0	12342	135	12342	135
Elko	16.Mar.22	-776	1	11566	136	11566	136
Elko	17.Mar.22	0	0	11566	136	11566	136
Elko	18.Mar.22	0	0	11566	136	11566	136
Elko	19.Mar.22	0	0	11566	136	11566	136
Elko	20.Mar.22	0	0	11566	136	11566	136
Elko	21.Mar.22	0	0	11566	136	11566	136
Elko	22.Mar.22	0	0	11566	136	11566	136
Elko	23.Mar.22	14	1	11580	137	11580	137
Elko	24.Mar.22	0	0	11580	137	11580	137
Elko	25.Mar.22	0	0	11580	137	11580	137
Elko	26.Mar.22	0	0	11580	137	11580	137
Elko	27.Mar.22	0	0	11580	137	11580	137
Elko	28.Mar.22	0	0	11580	137	11580	137
Elko	29.Mar.22	0	0	11580	137	11580	137
Elko	30.Mar.22	11	0	11591	137	11591	137
Elko	31.Mar.22	0	0	11591	137	11591	137
Elko	1.Nis.22	0	0	11591	137	11591	137
Elko	2.Nis.22	0	0	11591	137	11591	137
Elko	3.Nis.22	0	0	11591	137	11591	137
Elko	4.Nis.22	0	0	11591	137	11591	137
Elko	5.Nis.22	0	0	11591	137	11591	137
Elko	6.Nis.22	21	1	11612	138	11612	138
Elko	7.Nis.22	0	0	11612	138	11612	138
Elko	8.Nis.22	0	0	11612	138	11612	138
Elko	9.Nis.22	0	0	11612	138	11612	138
Elko	10.Nis.22	0	0	11612	138	11612	138
Elko	11.Nis.22	0	0	11612	138	11612	138
Elko	12.Nis.22	0	0	11612	138	11612	138
Elko	13.Nis.22	14	0	11626	138	11626	138
Elko	14.Nis.22	0	0	11626	138	11626	138
Elko	15.Nis.22	0	0	11626	138	11626	138
Elko	16.Nis.22	0	0	11626	138	11626	138
Elko	17.Nis.22	0	0	11626	138	11626	138
Elko	18.Nis.22	0	0	11626	138	11626	138
Elko	19.Nis.22	0	0	11626	138	11626	138
Elko	20.Nis.22	7	0	11633	138	11633	138
Elko	21.Nis.22	0	0	11633	138	11633	138
Elko	22.Nis.22	0	0	11633	138	11633	138
Elko	23.Nis.22	0	0	11633	138	11633	138
Elko	24.Nis.22	0	0	11633	138	11633	138
Elko	25.Nis.22	0	0	11633	138	11633	138
Elko	26.Nis.22	0	0	11633	138	11633	138
Elko	27.Nis.22	11	0	11644	138	11644	138
Elko	28.Nis.22	0	0	11644	138	11644	138
Elko	29.Nis.22	0	0	11644	138	11644	138
Esmeralda	25.Þub.22	0	-1	90	3	90	3
Esmeralda	1.Oca.22	0	0	63	2	63	2
Esmeralda	2.Oca.22	0	0	63	2	63	2
Esmeralda	3.Oca.22	4	0	67	2	67	2
Esmeralda	4.Oca.22	2	0	69	2	69	2
Esmeralda	5.Oca.22	1	0	70	2	70	2
Esmeralda	6.Oca.22	0	0	70	2	70	2
Esmeralda	7.Oca.22	0	0	70	2	70	2
Esmeralda	8.Oca.22	0	0	70	2	70	2
Esmeralda	9.Oca.22	0	0	70	2	70	2
Esmeralda	10.Oca.22	3	0	73	2	73	2
Esmeralda	11.Oca.22	1	0	74	2	74	2
Esmeralda	12.Oca.22	0	0	74	2	74	2
Esmeralda	13.Oca.22	0	0	74	2	74	2
Esmeralda	14.Oca.22	0	0	74	2	74	2
Esmeralda	15.Oca.22	0	0	74	2	74	2
Esmeralda	16.Oca.22	0	0	74	2	74	2
Esmeralda	17.Oca.22	0	0	74	2	74	2
Esmeralda	18.Oca.22	0	0	74	2	74	2
Esmeralda	19.Oca.22	2	0	76	2	76	2
Esmeralda	20.Oca.22	0	0	76	2	76	2
Esmeralda	21.Oca.22	0	0	76	2	76	2
Esmeralda	22.Oca.22	0	0	76	2	76	2
Esmeralda	23.Oca.22	0	0	76	2	76	2
Esmeralda	24.Oca.22	1	0	77	2	77	2
Esmeralda	25.Oca.22	0	0	77	2	77	2
Esmeralda	26.Oca.22	6	0	83	2	83	2
Esmeralda	27.Oca.22	2	0	85	2	85	2
Esmeralda	28.Oca.22	0	0	85	2	85	2
Esmeralda	29.Oca.22	0	0	85	2	85	2
Esmeralda	30.Oca.22	0	0	85	2	85	2
Esmeralda	31.Oca.22	2	0	87	2	87	2
Esmeralda	2.Þub.22	0	0	87	3	87	3
Esmeralda	3.Þub.22	0	0	87	3	87	3
Esmeralda	4.Þub.22	0	0	87	3	87	3
Esmeralda	5.Þub.22	0	0	87	3	87	3
Esmeralda	6.Þub.22	0	0	87	3	87	3
Esmeralda	7.Þub.22	0	0	87	3	87	3
Esmeralda	8.Þub.22	0	0	87	3	87	3
Esmeralda	9.Þub.22	0	0	87	3	87	3
Esmeralda	10.Þub.22	0	0	87	3	87	3
Esmeralda	11.Þub.22	1	0	88	3	88	3
Esmeralda	12.Þub.22	0	0	88	3	88	3
Esmeralda	13.Þub.22	0	0	88	3	88	3
Esmeralda	14.Þub.22	0	0	88	3	88	3
Esmeralda	15.Þub.22	0	0	88	3	88	3
Esmeralda	16.Þub.22	0	0	88	3	88	3
Esmeralda	17.Þub.22	0	0	88	3	88	3
Esmeralda	18.Þub.22	0	0	88	3	88	3
Esmeralda	19.Þub.22	0	0	88	3	88	3
Esmeralda	20.Þub.22	0	0	88	3	88	3
Esmeralda	21.Þub.22	0	0	88	3	88	3
Esmeralda	22.Þub.22	1	0	89	3	89	3
Esmeralda	23.Þub.22	1	0	90	3	90	3
Esmeralda	26.Þub.22	0	0	90	3	90	3
Esmeralda	27.Þub.22	0	0	90	3	90	3
Esmeralda	28.Þub.22	0	0	90	3	90	3
Esmeralda	1.Mar.22	0	0	90	3	90	3
Esmeralda	2.Mar.22	0	0	90	3	90	3
Esmeralda	3.Mar.22	0	0	90	3	90	3
Esmeralda	4.Mar.22	0	0	90	3	90	3
Esmeralda	5.Mar.22	0	0	90	3	90	3
Esmeralda	6.Mar.22	0	0	90	3	90	3
Esmeralda	7.Mar.22	0	0	90	3	90	3
Esmeralda	8.Mar.22	0	0	90	3	90	3
Esmeralda	9.Mar.22	0	0	90	3	90	3
Esmeralda	10.Mar.22	0	0	90	3	90	3
Esmeralda	11.Mar.22	0	0	90	3	90	3
Esmeralda	12.Mar.22	0	0	90	3	90	3
Esmeralda	13.Mar.22	0	0	90	3	90	3
Esmeralda	14.Mar.22	0	0	90	3	90	3
Esmeralda	15.Mar.22	0	0	90	3	90	3
Esmeralda	16.Mar.22	19	0	109	3	109	3
Esmeralda	17.Mar.22	0	0	109	3	109	3
Esmeralda	18.Mar.22	0	0	109	3	109	3
Esmeralda	19.Mar.22	0	0	109	3	109	3
Esmeralda	20.Mar.22	0	0	109	3	109	3
Esmeralda	21.Mar.22	0	0	109	3	109	3
Esmeralda	22.Mar.22	0	0	109	3	109	3
Esmeralda	23.Mar.22	0	0	109	3	109	3
Esmeralda	24.Mar.22	0	0	109	3	109	3
Esmeralda	25.Mar.22	0	0	109	3	109	3
Esmeralda	26.Mar.22	0	0	109	3	109	3
Esmeralda	27.Mar.22	0	0	109	3	109	3
Esmeralda	28.Mar.22	0	0	109	3	109	3
Esmeralda	29.Mar.22	0	0	109	3	109	3
Esmeralda	30.Mar.22	0	0	109	3	109	3
Esmeralda	31.Mar.22	0	0	109	3	109	3
Esmeralda	1.Nis.22	0	0	109	3	109	3
Esmeralda	2.Nis.22	0	0	109	3	109	3
Esmeralda	3.Nis.22	0	0	109	3	109	3
Esmeralda	4.Nis.22	0	0	109	3	109	3
Esmeralda	5.Nis.22	0	0	109	3	109	3
Esmeralda	6.Nis.22	0	0	109	3	109	3
Esmeralda	7.Nis.22	0	0	109	3	109	3
Esmeralda	8.Nis.22	0	0	109	3	109	3
Esmeralda	9.Nis.22	0	0	109	3	109	3
Esmeralda	10.Nis.22	0	0	109	3	109	3
Esmeralda	11.Nis.22	0	0	109	3	109	3
Esmeralda	12.Nis.22	0	0	109	3	109	3
Esmeralda	13.Nis.22	0	0	109	3	109	3
Esmeralda	14.Nis.22	0	0	109	3	109	3
Esmeralda	15.Nis.22	0	0	109	3	109	3
Esmeralda	16.Nis.22	0	0	109	3	109	3
Esmeralda	17.Nis.22	0	0	109	3	109	3
Esmeralda	18.Nis.22	0	0	109	3	109	3
Esmeralda	19.Nis.22	0	0	109	3	109	3
Esmeralda	20.Nis.22	0	0	109	3	109	3
Esmeralda	21.Nis.22	0	0	109	3	109	3
Esmeralda	22.Nis.22	0	0	109	3	109	3
Esmeralda	23.Nis.22	0	0	109	3	109	3
Esmeralda	24.Nis.22	0	0	109	3	109	3
Esmeralda	25.Nis.22	0	0	109	3	109	3
Esmeralda	26.Nis.22	0	0	109	3	109	3
Esmeralda	27.Nis.22	-1	0	108	3	108	3
Esmeralda	28.Nis.22	0	0	108	3	108	3
Esmeralda	29.Nis.22	0	0	108	3	108	3
Esmeralda	1.Þub.22	0	1	87	3	87	3
Esmeralda	24.Þub.22	0	1	90	4	90	4
Eureka	1.Oca.22	0	0	252	1	252	1
Eureka	2.Oca.22	0	0	252	1	252	1
Eureka	3.Oca.22	0	0	252	1	252	1
Eureka	4.Oca.22	3	0	255	1	255	1
Eureka	5.Oca.22	2	0	257	1	257	1
Eureka	6.Oca.22	0	0	257	1	257	1
Eureka	7.Oca.22	0	0	257	1	257	1
Eureka	8.Oca.22	0	0	257	1	257	1
Eureka	9.Oca.22	0	0	257	1	257	1
Eureka	10.Oca.22	1	0	258	1	258	1
Eureka	11.Oca.22	0	0	258	1	258	1
Eureka	12.Oca.22	1	0	259	1	259	1
Eureka	13.Oca.22	3	0	262	1	262	1
Eureka	14.Oca.22	4	0	266	1	266	1
Eureka	15.Oca.22	0	0	266	1	266	1
Eureka	16.Oca.22	0	0	266	1	266	1
Eureka	17.Oca.22	0	0	266	1	266	1
Eureka	18.Oca.22	16	0	282	1	282	1
Eureka	19.Oca.22	2	0	284	1	284	1
Eureka	20.Oca.22	1	0	285	1	285	1
Eureka	21.Oca.22	0	0	285	1	285	1
Eureka	22.Oca.22	0	0	285	1	285	1
Eureka	23.Oca.22	0	0	285	1	285	1
Eureka	24.Oca.22	1	0	286	1	286	1
Eureka	25.Oca.22	2	0	288	1	288	1
Eureka	26.Oca.22	3	0	291	1	291	1
Eureka	27.Oca.22	0	0	291	1	291	1
Eureka	28.Oca.22	1	0	292	1	292	1
Eureka	29.Oca.22	0	0	292	1	292	1
Eureka	30.Oca.22	0	0	292	1	292	1
Eureka	31.Oca.22	2	0	294	1	294	1
Eureka	1.Þub.22	1	0	295	1	295	1
Eureka	2.Þub.22	0	0	295	1	295	1
Eureka	3.Þub.22	0	0	295	1	295	1
Eureka	4.Þub.22	1	0	296	1	296	1
Eureka	5.Þub.22	0	0	296	1	296	1
Eureka	6.Þub.22	0	0	296	1	296	1
Eureka	7.Þub.22	-1	0	295	1	295	1
Eureka	8.Þub.22	2	0	297	1	297	1
Eureka	9.Þub.22	0	0	297	1	297	1
Eureka	10.Þub.22	0	0	297	1	297	1
Eureka	11.Þub.22	1	0	298	1	298	1
Eureka	12.Þub.22	0	0	298	1	298	1
Eureka	13.Þub.22	0	0	298	1	298	1
Eureka	14.Þub.22	1	0	299	1	299	1
Eureka	15.Þub.22	0	0	299	1	299	1
Eureka	16.Þub.22	1	0	300	1	300	1
Eureka	17.Þub.22	0	0	300	1	300	1
Eureka	18.Þub.22	0	0	300	1	300	1
Eureka	19.Þub.22	0	0	300	1	300	1
Eureka	20.Þub.22	0	0	300	1	300	1
Eureka	21.Þub.22	0	0	300	1	300	1
Eureka	22.Þub.22	0	0	300	1	300	1
Eureka	23.Þub.22	0	0	300	1	300	1
Eureka	24.Þub.22	0	0	300	1	300	1
Eureka	25.Þub.22	1	0	301	1	301	1
Eureka	26.Þub.22	0	0	301	1	301	1
Eureka	27.Þub.22	0	0	301	1	301	1
Eureka	28.Þub.22	2	0	303	1	303	1
Eureka	1.Mar.22	2	0	305	1	305	1
Eureka	2.Mar.22	0	0	305	1	305	1
Eureka	3.Mar.22	3	0	308	1	308	1
Eureka	4.Mar.22	0	0	308	1	308	1
Eureka	5.Mar.22	0	0	308	1	308	1
Eureka	6.Mar.22	0	0	308	1	308	1
Eureka	7.Mar.22	0	0	308	1	308	1
Eureka	8.Mar.22	0	0	308	1	308	1
Eureka	9.Mar.22	1	0	309	1	309	1
Eureka	10.Mar.22	0	0	309	1	309	1
Eureka	11.Mar.22	0	0	309	1	309	1
Eureka	12.Mar.22	0	0	309	1	309	1
Eureka	13.Mar.22	0	0	309	1	309	1
Eureka	14.Mar.22	0	0	309	1	309	1
Eureka	15.Mar.22	0	0	309	1	309	1
Eureka	16.Mar.22	-144	0	165	1	165	1
Eureka	17.Mar.22	0	0	165	1	165	1
Eureka	18.Mar.22	0	0	165	1	165	1
Eureka	19.Mar.22	0	0	165	1	165	1
Eureka	20.Mar.22	0	0	165	1	165	1
Eureka	21.Mar.22	0	0	165	1	165	1
Eureka	22.Mar.22	0	0	165	1	165	1
Eureka	23.Mar.22	0	0	165	1	165	1
Eureka	24.Mar.22	0	0	165	1	165	1
Eureka	25.Mar.22	0	0	165	1	165	1
Eureka	26.Mar.22	0	0	165	1	165	1
Eureka	27.Mar.22	0	0	165	1	165	1
Eureka	28.Mar.22	0	0	165	1	165	1
Eureka	29.Mar.22	0	0	165	1	165	1
Eureka	30.Mar.22	0	0	165	1	165	1
Eureka	31.Mar.22	0	0	165	1	165	1
Eureka	1.Nis.22	0	0	165	1	165	1
Eureka	2.Nis.22	0	0	165	1	165	1
Eureka	3.Nis.22	0	0	165	1	165	1
Eureka	4.Nis.22	0	0	165	1	165	1
Eureka	5.Nis.22	0	0	165	1	165	1
Eureka	7.Nis.22	0	0	165	2	165	2
Eureka	8.Nis.22	0	0	165	2	165	2
Eureka	9.Nis.22	0	0	165	2	165	2
Eureka	10.Nis.22	0	0	165	2	165	2
Eureka	11.Nis.22	0	0	165	2	165	2
Eureka	12.Nis.22	0	0	165	2	165	2
Eureka	13.Nis.22	0	0	165	2	165	2
Eureka	14.Nis.22	0	0	165	2	165	2
Eureka	15.Nis.22	0	0	165	2	165	2
Eureka	16.Nis.22	0	0	165	2	165	2
Eureka	17.Nis.22	0	0	165	2	165	2
Eureka	18.Nis.22	0	0	165	2	165	2
Eureka	19.Nis.22	0	0	165	2	165	2
Eureka	20.Nis.22	0	0	165	2	165	2
Eureka	21.Nis.22	0	0	165	2	165	2
Eureka	22.Nis.22	0	0	165	2	165	2
Eureka	23.Nis.22	0	0	165	2	165	2
Eureka	24.Nis.22	0	0	165	2	165	2
Eureka	25.Nis.22	0	0	165	2	165	2
Eureka	26.Nis.22	0	0	165	2	165	2
Eureka	27.Nis.22	0	0	165	2	165	2
Eureka	28.Nis.22	0	0	165	2	165	2
Eureka	29.Nis.22	0	0	165	2	165	2
Eureka	6.Nis.22	0	1	165	2	165	2
Humboldt	1.Oca.22	0	0	3260	43	3260	43
Humboldt	2.Oca.22	0	0	3260	43	3260	43
Humboldt	3.Oca.22	3	0	3263	43	3263	43
Humboldt	4.Oca.22	22	0	3285	43	3285	43
Humboldt	5.Oca.22	5	1	3290	44	3290	44
Humboldt	6.Oca.22	36	0	3326	44	3326	44
Humboldt	7.Oca.22	15	0	3341	44	3341	44
Humboldt	8.Oca.22	0	0	3341	44	3341	44
Humboldt	9.Oca.22	0	0	3341	44	3341	44
Humboldt	10.Oca.22	72	0	3413	44	3413	44
Humboldt	11.Oca.22	19	1	3432	45	3432	45
Humboldt	12.Oca.22	21	0	3453	45	3453	45
Humboldt	13.Oca.22	23	0	3476	45	3476	45
Humboldt	14.Oca.22	26	1	3502	46	3502	46
Humboldt	15.Oca.22	0	0	3502	46	3502	46
Humboldt	16.Oca.22	0	0	3502	46	3502	46
Humboldt	17.Oca.22	0	0	3502	46	3502	46
Humboldt	18.Oca.22	198	0	3700	46	3700	46
Humboldt	19.Oca.22	43	0	3743	46	3743	46
Humboldt	20.Oca.22	12	0	3755	46	3755	46
Humboldt	21.Oca.22	135	0	3890	46	3890	46
Humboldt	22.Oca.22	0	0	3890	46	3890	46
Humboldt	23.Oca.22	0	0	3890	46	3890	46
Humboldt	24.Oca.22	60	0	3950	46	3950	46
Humboldt	25.Oca.22	11	0	3961	46	3961	46
Humboldt	26.Oca.22	80	0	4041	46	4041	46
Humboldt	27.Oca.22	43	0	4084	46	4084	46
Humboldt	28.Oca.22	35	0	4119	46	4119	46
Humboldt	29.Oca.22	0	0	4119	46	4119	46
Humboldt	30.Oca.22	0	0	4119	46	4119	46
Humboldt	31.Oca.22	28	0	4147	46	4147	46
Humboldt	1.Þub.22	8	0	4155	46	4155	46
Humboldt	2.Þub.22	17	0	4172	46	4172	46
Humboldt	3.Þub.22	51	0	4223	46	4223	46
Humboldt	4.Þub.22	12	2	4235	48	4235	48
Humboldt	5.Þub.22	0	0	4235	48	4235	48
Humboldt	6.Þub.22	0	0	4235	48	4235	48
Humboldt	7.Þub.22	46	0	4281	48	4281	48
Humboldt	8.Þub.22	83	0	4364	48	4364	48
Humboldt	9.Þub.22	14	0	4378	48	4378	48
Humboldt	10.Þub.22	7	0	4385	48	4385	48
Humboldt	11.Þub.22	10	0	4395	48	4395	48
Humboldt	12.Þub.22	0	0	4395	48	4395	48
Humboldt	13.Þub.22	0	0	4395	48	4395	48
Humboldt	14.Þub.22	7	0	4402	48	4402	48
Humboldt	15.Þub.22	0	1	4402	49	4402	49
Humboldt	16.Þub.22	48	0	4450	49	4450	49
Humboldt	17.Þub.22	5	0	4455	49	4455	49
Humboldt	18.Þub.22	12	1	4467	50	4467	50
Humboldt	19.Þub.22	0	0	4467	50	4467	50
Humboldt	20.Þub.22	0	0	4467	50	4467	50
Humboldt	21.Þub.22	0	0	4467	50	4467	50
Humboldt	22.Þub.22	21	1	4488	51	4488	51
Humboldt	23.Þub.22	1	0	4489	51	4489	51
Humboldt	24.Þub.22	1	0	4490	51	4490	51
Humboldt	25.Þub.22	1	1	4491	52	4491	52
Humboldt	26.Þub.22	0	0	4491	52	4491	52
Humboldt	27.Þub.22	0	0	4491	52	4491	52
Humboldt	28.Þub.22	2	1	4493	53	4493	53
Humboldt	1.Mar.22	1	0	4494	53	4494	53
Humboldt	2.Mar.22	2	0	4496	53	4496	53
Humboldt	3.Mar.22	0	0	4496	53	4496	53
Humboldt	4.Mar.22	2	0	4498	53	4498	53
Humboldt	5.Mar.22	0	0	4498	53	4498	53
Humboldt	6.Mar.22	0	0	4498	53	4498	53
Humboldt	7.Mar.22	0	0	4498	53	4498	53
Humboldt	8.Mar.22	5	0	4503	53	4503	53
Humboldt	9.Mar.22	3	0	4506	53	4506	53
Humboldt	10.Mar.22	2	0	4508	53	4508	53
Humboldt	11.Mar.22	1	0	4509	53	4509	53
Humboldt	12.Mar.22	0	0	4509	53	4509	53
Humboldt	13.Mar.22	0	0	4509	53	4509	53
Humboldt	14.Mar.22	0	0	4509	53	4509	53
Humboldt	15.Mar.22	0	0	4509	53	4509	53
Humboldt	16.Mar.22	-2002	0	2507	53	2507	53
Humboldt	17.Mar.22	0	0	2507	53	2507	53
Humboldt	18.Mar.22	0	0	2507	53	2507	53
Humboldt	19.Mar.22	0	0	2507	53	2507	53
Humboldt	20.Mar.22	0	0	2507	53	2507	53
Humboldt	21.Mar.22	0	0	2507	53	2507	53
Humboldt	22.Mar.22	0	0	2507	53	2507	53
Humboldt	23.Mar.22	1	1	2508	54	2508	54
Humboldt	24.Mar.22	0	0	2508	54	2508	54
Humboldt	25.Mar.22	0	0	2508	54	2508	54
Humboldt	26.Mar.22	0	0	2508	54	2508	54
Humboldt	27.Mar.22	0	0	2508	54	2508	54
Humboldt	28.Mar.22	0	0	2508	54	2508	54
Humboldt	29.Mar.22	0	0	2508	54	2508	54
Humboldt	30.Mar.22	0	0	2508	54	2508	54
Humboldt	31.Mar.22	0	0	2508	54	2508	54
Humboldt	1.Nis.22	0	0	2508	54	2508	54
Humboldt	2.Nis.22	0	0	2508	54	2508	54
Humboldt	3.Nis.22	0	0	2508	54	2508	54
Humboldt	4.Nis.22	0	0	2508	54	2508	54
Humboldt	5.Nis.22	0	0	2508	54	2508	54
Humboldt	6.Nis.22	-3	0	2505	54	2505	54
Humboldt	7.Nis.22	0	0	2505	54	2505	54
Humboldt	8.Nis.22	0	0	2505	54	2505	54
Humboldt	9.Nis.22	0	0	2505	54	2505	54
Humboldt	10.Nis.22	0	0	2505	54	2505	54
Humboldt	11.Nis.22	0	0	2505	54	2505	54
Humboldt	12.Nis.22	0	0	2505	54	2505	54
Humboldt	13.Nis.22	-1	0	2504	54	2504	54
Humboldt	14.Nis.22	0	0	2504	54	2504	54
Humboldt	15.Nis.22	0	0	2504	54	2504	54
Humboldt	16.Nis.22	0	0	2504	54	2504	54
Humboldt	17.Nis.22	0	0	2504	54	2504	54
Humboldt	18.Nis.22	0	0	2504	54	2504	54
Humboldt	19.Nis.22	0	0	2504	54	2504	54
Humboldt	20.Nis.22	0	0	2504	54	2504	54
Humboldt	21.Nis.22	0	0	2504	54	2504	54
Humboldt	22.Nis.22	0	0	2504	54	2504	54
Humboldt	23.Nis.22	0	0	2504	54	2504	54
Humboldt	24.Nis.22	0	0	2504	54	2504	54
Humboldt	25.Nis.22	0	0	2504	54	2504	54
Humboldt	26.Nis.22	0	0	2504	54	2504	54
Humboldt	27.Nis.22	1	0	2505	54	2505	54
Humboldt	28.Nis.22	0	0	2505	54	2505	54
Humboldt	29.Nis.22	0	0	2505	54	2505	54
Lander	1.Oca.22	0	0	882	16	882	16
Lander	2.Oca.22	0	0	882	16	882	16
Lander	3.Oca.22	2	0	884	16	884	16
Lander	4.Oca.22	2	0	886	16	886	16
Lander	5.Oca.22	3	0	889	16	889	16
Lander	6.Oca.22	5	0	894	16	894	16
Lander	7.Oca.22	2	0	896	16	896	16
Lander	8.Oca.22	0	0	896	16	896	16
Lander	9.Oca.22	0	0	896	16	896	16
Lander	10.Oca.22	2	0	898	16	898	16
Lander	11.Oca.22	6	0	904	16	904	16
Lander	12.Oca.22	7	0	911	16	911	16
Lander	13.Oca.22	3	0	914	16	914	16
Lander	14.Oca.22	1	0	915	16	915	16
Lander	15.Oca.22	0	0	915	16	915	16
Lander	16.Oca.22	0	0	915	16	915	16
Lander	17.Oca.22	0	0	915	16	915	16
Lander	18.Oca.22	17	0	932	16	932	16
Lander	19.Oca.22	9	0	941	16	941	16
Lander	20.Oca.22	0	0	941	16	941	16
Lander	21.Oca.22	7	0	948	16	948	16
Lander	22.Oca.22	0	0	948	16	948	16
Lander	23.Oca.22	0	0	948	16	948	16
Lander	24.Oca.22	10	0	958	16	958	16
Lander	25.Oca.22	0	0	958	16	958	16
Lander	26.Oca.22	6	0	964	16	964	16
Lander	27.Oca.22	20	0	984	16	984	16
Lander	28.Oca.22	0	0	984	16	984	16
Lander	29.Oca.22	0	0	984	16	984	16
Lander	30.Oca.22	0	0	984	16	984	16
Lander	31.Oca.22	26	0	1010	16	1010	16
Lander	1.Þub.22	25	0	1035	16	1035	16
Lander	2.Þub.22	10	0	1045	16	1045	16
Lander	3.Þub.22	3	0	1048	16	1048	16
Lander	4.Þub.22	30	0	1078	16	1078	16
Lander	5.Þub.22	0	0	1078	16	1078	16
Lander	6.Þub.22	0	0	1078	16	1078	16
Lander	7.Þub.22	5	0	1083	16	1083	16
Lander	8.Þub.22	26	0	1109	16	1109	16
Lander	9.Þub.22	4	0	1113	16	1113	16
Lander	10.Þub.22	2	0	1115	16	1115	16
Lander	12.Þub.22	0	0	1117	17	1117	17
Lander	13.Þub.22	0	0	1117	17	1117	17
Lander	14.Þub.22	20	0	1137	17	1137	17
Lander	15.Þub.22	0	0	1137	17	1137	17
Lander	16.Þub.22	15	0	1152	17	1152	17
Lander	17.Þub.22	1	0	1153	17	1153	17
Lander	18.Þub.22	3	0	1156	17	1156	17
Lander	19.Þub.22	0	0	1156	17	1156	17
Lander	20.Þub.22	0	0	1156	17	1156	17
Lander	21.Þub.22	0	0	1156	17	1156	17
Lander	22.Þub.22	30	0	1186	17	1186	17
Lander	23.Þub.22	1	0	1187	17	1187	17
Lander	24.Þub.22	0	0	1187	17	1187	17
Lander	26.Þub.22	0	0	1187	20	1187	20
Lander	27.Þub.22	0	0	1187	20	1187	20
Lander	28.Þub.22	1	0	1188	20	1188	20
Lander	1.Mar.22	0	0	1188	20	1188	20
Lander	2.Mar.22	0	0	1188	20	1188	20
Lander	3.Mar.22	0	0	1188	20	1188	20
Lander	4.Mar.22	0	0	1188	20	1188	20
Lander	5.Mar.22	0	0	1188	20	1188	20
Lander	6.Mar.22	0	0	1188	20	1188	20
Lander	7.Mar.22	0	0	1188	20	1188	20
Lander	8.Mar.22	0	0	1188	20	1188	20
Lander	9.Mar.22	0	0	1188	20	1188	20
Lander	10.Mar.22	1	0	1189	20	1189	20
Lander	11.Mar.22	0	0	1189	20	1189	20
Lander	12.Mar.22	0	0	1189	20	1189	20
Lander	13.Mar.22	0	0	1189	20	1189	20
Lander	14.Mar.22	0	0	1189	20	1189	20
Lander	15.Mar.22	0	0	1189	20	1189	20
Lander	16.Mar.22	-14	0	1175	20	1175	20
Lander	17.Mar.22	0	0	1175	20	1175	20
Lander	18.Mar.22	0	0	1175	20	1175	20
Lander	19.Mar.22	0	0	1175	20	1175	20
Lander	20.Mar.22	0	0	1175	20	1175	20
Lander	21.Mar.22	0	0	1175	20	1175	20
Lander	22.Mar.22	0	0	1175	20	1175	20
Lander	23.Mar.22	2	0	1177	20	1177	20
Lander	24.Mar.22	0	0	1177	20	1177	20
Lander	25.Mar.22	0	0	1177	20	1177	20
Lander	26.Mar.22	0	0	1177	20	1177	20
Lander	27.Mar.22	0	0	1177	20	1177	20
Lander	28.Mar.22	0	0	1177	20	1177	20
Lander	29.Mar.22	0	0	1177	20	1177	20
Lander	31.Mar.22	0	0	1177	21	1177	21
Lander	1.Nis.22	0	0	1177	21	1177	21
Lander	2.Nis.22	0	0	1177	21	1177	21
Lander	3.Nis.22	0	0	1177	21	1177	21
Lander	4.Nis.22	0	0	1177	21	1177	21
Lander	5.Nis.22	0	0	1177	21	1177	21
Lander	6.Nis.22	0	0	1177	21	1177	21
Lander	7.Nis.22	0	0	1177	21	1177	21
Lander	8.Nis.22	0	0	1177	21	1177	21
Lander	9.Nis.22	0	0	1177	21	1177	21
Lander	10.Nis.22	0	0	1177	21	1177	21
Lander	11.Nis.22	0	0	1177	21	1177	21
Lander	12.Nis.22	0	0	1177	21	1177	21
Lander	13.Nis.22	1	0	1178	21	1178	21
Lander	14.Nis.22	0	0	1178	21	1178	21
Lander	15.Nis.22	0	0	1178	21	1178	21
Lander	16.Nis.22	0	0	1178	21	1178	21
Lander	17.Nis.22	0	0	1178	21	1178	21
Lander	18.Nis.22	0	0	1178	21	1178	21
Lander	19.Nis.22	0	0	1178	21	1178	21
Lander	20.Nis.22	-1	0	1177	21	1177	21
Lander	21.Nis.22	0	0	1177	21	1177	21
Lander	22.Nis.22	0	0	1177	21	1177	21
Lander	23.Nis.22	0	0	1177	21	1177	21
Lander	24.Nis.22	0	0	1177	21	1177	21
Lander	25.Nis.22	0	0	1177	21	1177	21
Lander	26.Nis.22	0	0	1177	21	1177	21
Lander	27.Nis.22	2	0	1179	21	1179	21
Lander	28.Nis.22	0	0	1179	21	1179	21
Lander	29.Nis.22	0	0	1179	21	1179	21
Lander	11.Þub.22	2	1	1117	17	1117	17
Lander	30.Mar.22	0	1	1177	21	1177	21
Lander	25.Þub.22	0	3	1187	20	1187	20
Lincoln	1.Oca.22	0	0	736	5	736	5
Lincoln	2.Oca.22	0	0	736	5	736	5
Lincoln	3.Oca.22	1	0	737	5	737	5
Lincoln	4.Oca.22	10	0	747	5	747	5
Lincoln	5.Oca.22	6	0	753	5	753	5
Lincoln	6.Oca.22	5	0	758	5	758	5
Lincoln	7.Oca.22	0	0	758	5	758	5
Lincoln	8.Oca.22	0	0	758	5	758	5
Lincoln	9.Oca.22	0	0	758	5	758	5
Lincoln	10.Oca.22	-3	0	755	5	755	5
Lincoln	11.Oca.22	25	0	780	5	780	5
Lincoln	12.Oca.22	11	0	791	5	791	5
Lincoln	13.Oca.22	10	0	801	5	801	5
Lincoln	14.Oca.22	11	0	812	5	812	5
Lincoln	15.Oca.22	0	0	812	5	812	5
Lincoln	16.Oca.22	0	0	812	5	812	5
Lincoln	17.Oca.22	0	0	812	5	812	5
Lincoln	18.Oca.22	11	0	823	5	823	5
Lincoln	19.Oca.22	8	0	831	5	831	5
Lincoln	20.Oca.22	25	0	856	5	856	5
Lincoln	21.Oca.22	9	0	865	5	865	5
Lincoln	22.Oca.22	0	0	865	5	865	5
Lincoln	23.Oca.22	0	0	865	5	865	5
Lincoln	24.Oca.22	2	0	867	5	867	5
Lincoln	25.Oca.22	0	0	867	5	867	5
Lincoln	26.Oca.22	26	0	893	5	893	5
Lincoln	27.Oca.22	10	0	903	5	903	5
Lincoln	28.Oca.22	0	0	903	5	903	5
Lincoln	29.Oca.22	0	0	903	5	903	5
Lincoln	30.Oca.22	0	0	903	5	903	5
Lincoln	31.Oca.22	5	0	908	5	908	5
Lincoln	1.Þub.22	2	0	910	5	910	5
Lincoln	2.Þub.22	11	0	921	5	921	5
Lincoln	3.Þub.22	8	0	929	5	929	5
Lincoln	4.Þub.22	0	0	929	5	929	5
Lincoln	5.Þub.22	0	0	929	5	929	5
Lincoln	6.Þub.22	0	0	929	5	929	5
Lincoln	7.Þub.22	0	0	929	5	929	5
Lincoln	8.Þub.22	8	0	937	5	937	5
Lincoln	9.Þub.22	58	0	995	5	995	5
Lincoln	10.Þub.22	-46	0	949	5	949	5
Lincoln	11.Þub.22	1	0	950	5	950	5
Lincoln	12.Þub.22	0	0	950	5	950	5
Lincoln	13.Þub.22	0	0	950	5	950	5
Lincoln	14.Þub.22	0	0	950	5	950	5
Lincoln	15.Þub.22	0	0	950	5	950	5
Lincoln	16.Þub.22	0	0	950	5	950	5
Lincoln	17.Þub.22	3	0	953	5	953	5
Lincoln	18.Þub.22	0	0	953	5	953	5
Lincoln	19.Þub.22	0	0	953	5	953	5
Lincoln	20.Þub.22	0	0	953	5	953	5
Lincoln	21.Þub.22	0	0	953	5	953	5
Lincoln	22.Þub.22	1	0	954	5	954	5
Lincoln	23.Þub.22	0	0	954	5	954	5
Lincoln	24.Þub.22	0	0	954	5	954	5
Lincoln	25.Þub.22	0	0	954	5	954	5
Lincoln	26.Þub.22	0	0	954	5	954	5
Lincoln	27.Þub.22	0	0	954	5	954	5
Lincoln	28.Þub.22	0	2	954	7	954	7
Lincoln	1.Mar.22	0	0	954	7	954	7
Lincoln	2.Mar.22	2	0	956	7	956	7
Lincoln	3.Mar.22	0	0	956	7	956	7
Lincoln	4.Mar.22	0	0	956	7	956	7
Lincoln	5.Mar.22	0	0	956	7	956	7
Lincoln	6.Mar.22	0	0	956	7	956	7
Lincoln	7.Mar.22	0	0	956	7	956	7
Lincoln	8.Mar.22	0	0	956	7	956	7
Lincoln	9.Mar.22	2	0	958	7	958	7
Lincoln	10.Mar.22	0	0	958	7	958	7
Lincoln	11.Mar.22	0	0	958	7	958	7
Lincoln	12.Mar.22	0	0	958	7	958	7
Lincoln	13.Mar.22	0	0	958	7	958	7
Lincoln	14.Mar.22	0	0	958	7	958	7
Lincoln	15.Mar.22	0	0	958	7	958	7
Lincoln	16.Mar.22	-409	0	549	7	549	7
Lincoln	17.Mar.22	0	0	549	7	549	7
Lincoln	18.Mar.22	0	0	549	7	549	7
Lincoln	19.Mar.22	0	0	549	7	549	7
Lincoln	20.Mar.22	0	0	549	7	549	7
Lincoln	21.Mar.22	0	0	549	7	549	7
Lincoln	22.Mar.22	0	0	549	7	549	7
Lincoln	23.Mar.22	1	0	550	7	550	7
Lincoln	24.Mar.22	0	0	550	7	550	7
Lincoln	25.Mar.22	0	0	550	7	550	7
Lincoln	26.Mar.22	0	0	550	7	550	7
Lincoln	27.Mar.22	0	0	550	7	550	7
Lincoln	28.Mar.22	0	0	550	7	550	7
Lincoln	29.Mar.22	0	0	550	7	550	7
Lincoln	30.Mar.22	0	0	550	7	550	7
Lincoln	31.Mar.22	0	0	550	7	550	7
Lincoln	1.Nis.22	0	0	550	7	550	7
Lincoln	2.Nis.22	0	0	550	7	550	7
Lincoln	3.Nis.22	0	0	550	7	550	7
Lincoln	4.Nis.22	0	0	550	7	550	7
Lincoln	5.Nis.22	0	0	550	7	550	7
Lincoln	6.Nis.22	0	0	550	7	550	7
Lincoln	7.Nis.22	0	0	550	7	550	7
Lincoln	8.Nis.22	0	0	550	7	550	7
Lincoln	9.Nis.22	0	0	550	7	550	7
Lincoln	10.Nis.22	0	0	550	7	550	7
Lincoln	11.Nis.22	0	0	550	7	550	7
Lincoln	12.Nis.22	0	0	550	7	550	7
Lincoln	13.Nis.22	-1	0	549	7	549	7
Lincoln	14.Nis.22	0	0	549	7	549	7
Lincoln	15.Nis.22	0	0	549	7	549	7
Lincoln	16.Nis.22	0	0	549	7	549	7
Lincoln	17.Nis.22	0	0	549	7	549	7
Lincoln	18.Nis.22	0	0	549	7	549	7
Lincoln	19.Nis.22	0	0	549	7	549	7
Lincoln	20.Nis.22	-3	0	546	7	546	7
Lincoln	21.Nis.22	0	0	546	7	546	7
Lincoln	22.Nis.22	0	0	546	7	546	7
Lincoln	23.Nis.22	0	0	546	7	546	7
Lincoln	24.Nis.22	0	0	546	7	546	7
Lincoln	25.Nis.22	0	0	546	7	546	7
Lincoln	26.Nis.22	0	0	546	7	546	7
Lincoln	27.Nis.22	2	0	548	7	548	7
Lincoln	28.Nis.22	0	0	548	7	548	7
Lincoln	29.Nis.22	0	0	548	7	548	7
Lyon	1.Oca.22	0	0	7550	137	7550	137
Lyon	2.Oca.22	0	0	7550	137	7550	137
Lyon	3.Oca.22	51	1	7601	138	7601	138
Lyon	4.Oca.22	81	0	7682	138	7682	138
Lyon	5.Oca.22	27	1	7709	139	7709	139
Lyon	6.Oca.22	46	1	7755	140	7755	140
Lyon	7.Oca.22	61	0	7816	140	7816	140
Lyon	8.Oca.22	0	0	7816	140	7816	140
Lyon	9.Oca.22	0	0	7816	140	7816	140
Lyon	10.Oca.22	100	0	7916	140	7916	140
Lyon	11.Oca.22	174	3	8090	143	8090	143
Lyon	12.Oca.22	54	0	8144	143	8144	143
Lyon	13.Oca.22	100	0	8244	143	8244	143
Lyon	14.Oca.22	101	0	8345	143	8345	143
Lyon	15.Oca.22	0	0	8345	143	8345	143
Lyon	16.Oca.22	0	0	8345	143	8345	143
Lyon	17.Oca.22	0	0	8345	143	8345	143
Lyon	18.Oca.22	101	0	8446	143	8446	143
Lyon	19.Oca.22	408	2	8854	145	8854	145
Lyon	20.Oca.22	31	1	8885	146	8885	146
Lyon	21.Oca.22	230	0	9115	146	9115	146
Lyon	22.Oca.22	0	0	9115	146	9115	146
Lyon	23.Oca.22	0	0	9115	146	9115	146
Lyon	24.Oca.22	175	2	9290	148	9290	148
Lyon	25.Oca.22	-563	0	8727	148	8727	148
Lyon	26.Oca.22	619	1	9346	149	9346	149
Lyon	27.Oca.22	111	2	9457	151	9457	151
Lyon	28.Oca.22	144	0	9601	151	9601	151
Lyon	29.Oca.22	0	0	9601	151	9601	151
Lyon	30.Oca.22	0	0	9601	151	9601	151
Lyon	31.Oca.22	138	2	9739	153	9739	153
Lyon	1.Þub.22	221	2	9960	155	9960	155
Lyon	2.Þub.22	48	0	10008	155	10008	155
Lyon	3.Þub.22	58	0	10066	155	10066	155
Lyon	4.Þub.22	89	0	10155	155	10155	155
Lyon	5.Þub.22	0	0	10155	155	10155	155
Lyon	6.Þub.22	0	0	10155	155	10155	155
Lyon	7.Þub.22	68	1	10223	156	10223	156
Lyon	8.Þub.22	89	0	10312	156	10312	156
Lyon	9.Þub.22	57	1	10369	157	10369	157
Lyon	10.Þub.22	43	2	10412	159	10412	159
Lyon	11.Þub.22	46	0	10458	159	10458	159
Lyon	12.Þub.22	0	0	10458	159	10458	159
Lyon	13.Þub.22	0	0	10458	159	10458	159
Lyon	14.Þub.22	134	0	10592	159	10592	159
Lyon	15.Þub.22	-36	0	10556	159	10556	159
Lyon	16.Þub.22	23	0	10579	159	10579	159
Lyon	17.Þub.22	16	0	10595	159	10595	159
Lyon	18.Þub.22	0	1	10595	160	10595	160
Lyon	19.Þub.22	0	0	10595	160	10595	160
Lyon	20.Þub.22	0	0	10595	160	10595	160
Lyon	21.Þub.22	0	0	10595	160	10595	160
Lyon	22.Þub.22	-1	1	10594	161	10594	161
Lyon	23.Þub.22	3	0	10597	161	10597	161
Lyon	24.Þub.22	82	0	10679	161	10679	161
Lyon	25.Þub.22	7	0	10686	161	10686	161
Lyon	26.Þub.22	0	0	10686	161	10686	161
Lyon	27.Þub.22	0	0	10686	161	10686	161
Lyon	28.Þub.22	-1	1	10685	162	10685	162
Lyon	1.Mar.22	25	1	10710	163	10710	163
Lyon	2.Mar.22	10	2	10720	165	10720	165
Lyon	3.Mar.22	4	0	10724	165	10724	165
Lyon	4.Mar.22	1	2	10725	167	10725	167
Lyon	5.Mar.22	0	0	10725	167	10725	167
Lyon	6.Mar.22	0	0	10725	167	10725	167
Lyon	7.Mar.22	2	0	10727	167	10727	167
Lyon	8.Mar.22	11	0	10738	167	10738	167
Lyon	9.Mar.22	5	0	10743	167	10743	167
Lyon	10.Mar.22	3	1	10746	168	10746	168
Lyon	11.Mar.22	4	1	10750	169	10750	169
Lyon	12.Mar.22	0	0	10750	169	10750	169
Lyon	13.Mar.22	0	0	10750	169	10750	169
Lyon	14.Mar.22	0	0	10750	169	10750	169
Lyon	15.Mar.22	0	0	10750	169	10750	169
Lyon	16.Mar.22	-841	0	9909	169	9909	169
Lyon	17.Mar.22	0	0	9909	169	9909	169
Lyon	18.Mar.22	0	0	9909	169	9909	169
Lyon	19.Mar.22	0	0	9909	169	9909	169
Lyon	20.Mar.22	0	0	9909	169	9909	169
Lyon	21.Mar.22	0	0	9909	169	9909	169
Lyon	22.Mar.22	0	0	9909	169	9909	169
Lyon	23.Mar.22	65	0	9974	169	9974	169
Lyon	24.Mar.22	0	0	9974	169	9974	169
Lyon	25.Mar.22	0	0	9974	169	9974	169
Lyon	26.Mar.22	0	0	9974	169	9974	169
Lyon	27.Mar.22	0	0	9974	169	9974	169
Lyon	28.Mar.22	0	0	9974	169	9974	169
Lyon	29.Mar.22	0	0	9974	169	9974	169
Lyon	30.Mar.22	22	1	9996	170	9996	170
Lyon	31.Mar.22	0	0	9996	170	9996	170
Lyon	1.Nis.22	0	0	9996	170	9996	170
Lyon	2.Nis.22	0	0	9996	170	9996	170
Lyon	3.Nis.22	0	0	9996	170	9996	170
Lyon	4.Nis.22	0	0	9996	170	9996	170
Lyon	5.Nis.22	0	0	9996	170	9996	170
Lyon	6.Nis.22	30	0	10026	170	10026	170
Lyon	7.Nis.22	0	0	10026	170	10026	170
Lyon	8.Nis.22	0	0	10026	170	10026	170
Lyon	9.Nis.22	0	0	10026	170	10026	170
Lyon	10.Nis.22	0	0	10026	170	10026	170
Lyon	11.Nis.22	0	0	10026	170	10026	170
Lyon	12.Nis.22	0	0	10026	170	10026	170
Lyon	13.Nis.22	30	1	10056	171	10056	171
Lyon	14.Nis.22	0	0	10056	171	10056	171
Lyon	15.Nis.22	0	0	10056	171	10056	171
Lyon	16.Nis.22	0	0	10056	171	10056	171
Lyon	17.Nis.22	0	0	10056	171	10056	171
Lyon	18.Nis.22	0	0	10056	171	10056	171
Lyon	19.Nis.22	0	0	10056	171	10056	171
Lyon	20.Nis.22	15	4	10071	175	10071	175
Lyon	21.Nis.22	0	0	10071	175	10071	175
Lyon	22.Nis.22	0	0	10071	175	10071	175
Lyon	23.Nis.22	0	0	10071	175	10071	175
Lyon	24.Nis.22	0	0	10071	175	10071	175
Lyon	25.Nis.22	0	0	10071	175	10071	175
Lyon	26.Nis.22	0	0	10071	175	10071	175
Lyon	27.Nis.22	10	0	10081	175	10081	175
Lyon	28.Nis.22	0	0	10081	175	10081	175
Lyon	29.Nis.22	0	0	10081	175	10081	175
Mineral	1.Oca.22	0	0	648	14	648	14
Mineral	2.Oca.22	0	0	648	14	648	14
Mineral	3.Oca.22	15	0	663	14	663	14
Mineral	4.Oca.22	0	0	663	14	663	14
Mineral	5.Oca.22	2	0	665	14	665	14
Mineral	6.Oca.22	0	0	665	14	665	14
Mineral	7.Oca.22	0	0	665	14	665	14
Mineral	8.Oca.22	0	0	665	14	665	14
Mineral	9.Oca.22	0	0	665	14	665	14
Mineral	10.Oca.22	6	0	671	14	671	14
Mineral	11.Oca.22	5	0	676	14	676	14
Mineral	12.Oca.22	3	0	679	14	679	14
Mineral	13.Oca.22	11	0	690	14	690	14
Mineral	14.Oca.22	24	0	714	14	714	14
Mineral	15.Oca.22	0	0	714	14	714	14
Mineral	16.Oca.22	0	0	714	14	714	14
Mineral	17.Oca.22	0	0	714	14	714	14
Mineral	18.Oca.22	29	0	743	14	743	14
Mineral	19.Oca.22	12	0	755	14	755	14
Mineral	20.Oca.22	3	0	758	14	758	14
Mineral	21.Oca.22	15	0	773	14	773	14
Mineral	22.Oca.22	0	0	773	14	773	14
Mineral	23.Oca.22	0	0	773	14	773	14
Mineral	24.Oca.22	23	0	796	14	796	14
Mineral	25.Oca.22	52	0	848	14	848	14
Mineral	26.Oca.22	1	0	849	14	849	14
Mineral	27.Oca.22	0	0	849	14	849	14
Mineral	28.Oca.22	33	1	882	15	882	15
Mineral	29.Oca.22	0	0	882	15	882	15
Mineral	30.Oca.22	0	0	882	15	882	15
Mineral	31.Oca.22	10	0	892	15	892	15
Mineral	1.Þub.22	1	0	893	15	893	15
Mineral	2.Þub.22	6	0	899	15	899	15
Mineral	3.Þub.22	3	0	902	15	902	15
Mineral	4.Þub.22	9	0	911	15	911	15
Mineral	5.Þub.22	0	0	911	15	911	15
Mineral	6.Þub.22	0	0	911	15	911	15
Mineral	7.Þub.22	2	0	913	15	913	15
Mineral	8.Þub.22	4	0	917	15	917	15
Mineral	9.Þub.22	3	0	920	15	920	15
Mineral	10.Þub.22	4	0	924	15	924	15
Mineral	11.Þub.22	5	0	929	15	929	15
Mineral	12.Þub.22	0	0	929	15	929	15
Mineral	13.Þub.22	0	0	929	15	929	15
Mineral	14.Þub.22	10	0	939	15	939	15
Mineral	15.Þub.22	1	0	940	15	940	15
Mineral	16.Þub.22	1	0	941	15	941	15
Mineral	17.Þub.22	0	0	941	15	941	15
Mineral	18.Þub.22	6	0	947	15	947	15
Mineral	19.Þub.22	0	0	947	15	947	15
Mineral	20.Þub.22	0	0	947	15	947	15
Mineral	21.Þub.22	0	0	947	15	947	15
Mineral	22.Þub.22	0	0	947	15	947	15
Mineral	23.Þub.22	4	0	951	15	951	15
Mineral	24.Þub.22	1	0	952	15	952	15
Mineral	25.Þub.22	4	0	956	15	956	15
Mineral	26.Þub.22	0	0	956	15	956	15
Mineral	27.Þub.22	0	0	956	15	956	15
Mineral	28.Þub.22	2	0	958	15	958	15
Mineral	1.Mar.22	1	0	959	15	959	15
Mineral	2.Mar.22	0	0	959	15	959	15
Mineral	3.Mar.22	0	0	959	15	959	15
Mineral	4.Mar.22	0	0	959	15	959	15
Mineral	5.Mar.22	0	0	959	15	959	15
Mineral	6.Mar.22	0	0	959	15	959	15
Mineral	7.Mar.22	0	1	959	16	959	16
Mineral	8.Mar.22	1	0	960	16	960	16
Mineral	9.Mar.22	0	0	960	16	960	16
Mineral	10.Mar.22	0	1	960	17	960	17
Mineral	11.Mar.22	0	0	960	17	960	17
Mineral	12.Mar.22	0	0	960	17	960	17
Mineral	13.Mar.22	0	0	960	17	960	17
Mineral	14.Mar.22	0	0	960	17	960	17
Mineral	15.Mar.22	0	0	960	17	960	17
Mineral	16.Mar.22	302	0	1262	17	1262	17
Mineral	17.Mar.22	0	0	1262	17	1262	17
Mineral	18.Mar.22	0	0	1262	17	1262	17
Mineral	19.Mar.22	0	0	1262	17	1262	17
Mineral	20.Mar.22	0	0	1262	17	1262	17
Mineral	21.Mar.22	0	0	1262	17	1262	17
Mineral	22.Mar.22	0	0	1262	17	1262	17
Mineral	23.Mar.22	-1	0	1261	17	1261	17
Mineral	24.Mar.22	0	0	1261	17	1261	17
Mineral	25.Mar.22	0	0	1261	17	1261	17
Mineral	26.Mar.22	0	0	1261	17	1261	17
Mineral	27.Mar.22	0	0	1261	17	1261	17
Mineral	28.Mar.22	0	0	1261	17	1261	17
Mineral	29.Mar.22	0	0	1261	17	1261	17
Mineral	30.Mar.22	1	0	1262	17	1262	17
Mineral	31.Mar.22	0	0	1262	17	1262	17
Mineral	1.Nis.22	0	0	1262	17	1262	17
Mineral	2.Nis.22	0	0	1262	17	1262	17
Mineral	3.Nis.22	0	0	1262	17	1262	17
Mineral	4.Nis.22	0	0	1262	17	1262	17
Mineral	5.Nis.22	0	0	1262	17	1262	17
Mineral	6.Nis.22	-1	0	1261	17	1261	17
Mineral	7.Nis.22	0	0	1261	17	1261	17
Mineral	8.Nis.22	0	0	1261	17	1261	17
Mineral	9.Nis.22	0	0	1261	17	1261	17
Mineral	10.Nis.22	0	0	1261	17	1261	17
Mineral	11.Nis.22	0	0	1261	17	1261	17
Mineral	12.Nis.22	0	0	1261	17	1261	17
Mineral	13.Nis.22	1	0	1262	17	1262	17
Mineral	14.Nis.22	0	0	1262	17	1262	17
Mineral	15.Nis.22	0	0	1262	17	1262	17
Mineral	16.Nis.22	0	0	1262	17	1262	17
Mineral	17.Nis.22	0	0	1262	17	1262	17
Mineral	18.Nis.22	0	0	1262	17	1262	17
Mineral	19.Nis.22	0	0	1262	17	1262	17
Mineral	20.Nis.22	0	0	1262	17	1262	17
Mineral	21.Nis.22	0	0	1262	17	1262	17
Mineral	22.Nis.22	0	0	1262	17	1262	17
Mineral	23.Nis.22	0	0	1262	17	1262	17
Mineral	24.Nis.22	0	0	1262	17	1262	17
Mineral	25.Nis.22	0	0	1262	17	1262	17
Mineral	26.Nis.22	0	0	1262	17	1262	17
Mineral	27.Nis.22	0	0	1262	17	1262	17
Mineral	28.Nis.22	0	0	1262	17	1262	17
Mineral	29.Nis.22	0	0	1262	17	1262	17
Nye	1.Oca.22	0	0	5338	200	5338	200
Nye	2.Oca.22	0	0	5338	200	5338	200
Nye	3.Oca.22	11	0	5349	200	5349	200
Nye	4.Oca.22	33	0	5382	200	5382	200
Nye	5.Oca.22	37	0	5419	200	5419	200
Nye	6.Oca.22	29	0	5448	200	5448	200
Nye	7.Oca.22	22	0	5470	200	5470	200
Nye	8.Oca.22	0	0	5470	200	5470	200
Nye	9.Oca.22	0	0	5470	200	5470	200
Nye	10.Oca.22	15	0	5485	200	5485	200
Nye	11.Oca.22	31	1	5516	201	5516	201
Nye	12.Oca.22	94	1	5610	202	5610	202
Nye	13.Oca.22	0	0	5610	202	5610	202
Nye	14.Oca.22	99	0	5709	202	5709	202
Nye	15.Oca.22	0	0	5709	202	5709	202
Nye	16.Oca.22	0	0	5709	202	5709	202
Nye	17.Oca.22	0	0	5709	202	5709	202
Nye	18.Oca.22	103	2	5812	204	5812	204
Nye	19.Oca.22	0	1	5812	205	5812	205
Nye	20.Oca.22	166	0	5978	205	5978	205
Nye	21.Oca.22	27	3	6005	208	6005	208
Nye	22.Oca.22	0	0	6005	208	6005	208
Nye	23.Oca.22	0	0	6005	208	6005	208
Nye	24.Oca.22	56	1	6061	209	6061	209
Nye	25.Oca.22	47	0	6108	209	6108	209
Nye	26.Oca.22	44	0	6152	209	6152	209
Nye	27.Oca.22	77	0	6229	209	6229	209
Nye	28.Oca.22	53	0	6282	209	6282	209
Nye	29.Oca.22	0	0	6282	209	6282	209
Nye	30.Oca.22	0	0	6282	209	6282	209
Nye	31.Oca.22	29	2	6311	211	6311	211
Nye	1.Þub.22	67	1	6378	212	6378	212
Nye	2.Þub.22	103	0	6481	212	6481	212
Nye	3.Þub.22	10	2	6491	214	6491	214
Nye	4.Þub.22	56	0	6547	214	6547	214
Nye	5.Þub.22	0	0	6547	214	6547	214
Nye	6.Þub.22	0	0	6547	214	6547	214
Nye	7.Þub.22	19	2	6566	216	6566	216
Nye	8.Þub.22	33	1	6599	217	6599	217
Nye	9.Þub.22	47	0	6646	217	6646	217
Nye	10.Þub.22	37	2	6683	219	6683	219
Nye	11.Þub.22	35	2	6718	221	6718	221
Nye	12.Þub.22	0	0	6718	221	6718	221
Nye	13.Þub.22	0	0	6718	221	6718	221
Nye	14.Þub.22	8	0	6726	221	6726	221
Nye	15.Þub.22	14	2	6740	223	6740	223
Nye	16.Þub.22	27	0	6767	223	6767	223
Nye	17.Þub.22	15	0	6782	223	6782	223
Nye	18.Þub.22	7	2	6789	225	6789	225
Nye	19.Þub.22	0	0	6789	225	6789	225
Nye	20.Þub.22	0	0	6789	225	6789	225
Nye	21.Þub.22	0	0	6789	225	6789	225
Nye	22.Þub.22	23	0	6812	225	6812	225
Nye	23.Þub.22	48	1	6860	226	6860	226
Nye	24.Þub.22	35	5	6895	231	6895	231
Nye	25.Þub.22	19	1	6914	232	6914	232
Nye	26.Þub.22	0	0	6914	232	6914	232
Nye	27.Þub.22	0	0	6914	232	6914	232
Nye	28.Þub.22	11	0	6925	232	6925	232
Nye	1.Mar.22	7	0	6932	232	6932	232
Nye	2.Mar.22	5	1	6937	233	6937	233
Nye	3.Mar.22	2	0	6939	233	6939	233
Nye	4.Mar.22	10	0	6949	233	6949	233
Nye	5.Mar.22	0	0	6949	233	6949	233
Nye	6.Mar.22	0	0	6949	233	6949	233
Nye	7.Mar.22	4	0	6953	233	6953	233
Nye	8.Mar.22	1	0	6954	233	6954	233
Nye	9.Mar.22	0	1	6954	234	6954	234
Nye	10.Mar.22	4	0	6958	234	6958	234
Nye	11.Mar.22	2	1	6960	235	6960	235
Nye	12.Mar.22	0	0	6960	235	6960	235
Nye	13.Mar.22	0	0	6960	235	6960	235
Nye	14.Mar.22	0	0	6960	235	6960	235
Nye	15.Mar.22	0	0	6960	235	6960	235
Nye	16.Mar.22	481	0	7441	235	7441	235
Nye	17.Mar.22	0	0	7441	235	7441	235
Nye	18.Mar.22	0	0	7441	235	7441	235
Nye	19.Mar.22	0	0	7441	235	7441	235
Nye	20.Mar.22	0	0	7441	235	7441	235
Nye	21.Mar.22	0	0	7441	235	7441	235
Nye	22.Mar.22	0	0	7441	235	7441	235
Nye	23.Mar.22	7	2	7448	237	7448	237
Nye	24.Mar.22	0	0	7448	237	7448	237
Nye	25.Mar.22	0	0	7448	237	7448	237
Nye	26.Mar.22	0	0	7448	237	7448	237
Nye	27.Mar.22	0	0	7448	237	7448	237
Nye	28.Mar.22	0	0	7448	237	7448	237
Nye	29.Mar.22	0	0	7448	237	7448	237
Nye	30.Mar.22	9	2	7457	239	7457	239
Nye	31.Mar.22	0	0	7457	239	7457	239
Nye	1.Nis.22	0	0	7457	239	7457	239
Nye	2.Nis.22	0	0	7457	239	7457	239
Nye	3.Nis.22	0	0	7457	239	7457	239
Nye	4.Nis.22	0	0	7457	239	7457	239
Nye	5.Nis.22	0	0	7457	239	7457	239
Nye	6.Nis.22	2	0	7459	239	7459	239
Nye	7.Nis.22	0	0	7459	239	7459	239
Nye	8.Nis.22	0	0	7459	239	7459	239
Nye	9.Nis.22	0	0	7459	239	7459	239
Nye	10.Nis.22	0	0	7459	239	7459	239
Nye	11.Nis.22	0	0	7459	239	7459	239
Nye	12.Nis.22	0	0	7459	239	7459	239
Nye	13.Nis.22	4	0	7463	239	7463	239
Nye	14.Nis.22	0	0	7463	239	7463	239
Nye	15.Nis.22	0	0	7463	239	7463	239
Nye	16.Nis.22	0	0	7463	239	7463	239
Nye	17.Nis.22	0	0	7463	239	7463	239
Nye	18.Nis.22	0	0	7463	239	7463	239
Nye	19.Nis.22	0	0	7463	239	7463	239
Nye	20.Nis.22	10	2	7473	241	7473	241
Nye	21.Nis.22	0	0	7473	241	7473	241
Nye	22.Nis.22	0	0	7473	241	7473	241
Nye	23.Nis.22	0	0	7473	241	7473	241
Nye	24.Nis.22	0	0	7473	241	7473	241
Nye	25.Nis.22	0	0	7473	241	7473	241
Nye	26.Nis.22	0	0	7473	241	7473	241
Nye	27.Nis.22	12	0	7485	241	7485	241
Nye	28.Nis.22	0	0	7485	241	7485	241
Nye	29.Nis.22	0	0	7485	241	7485	241
Pershing	1.Oca.22	0	0	1209	29	1209	29
Pershing	2.Oca.22	0	0	1209	29	1209	29
Pershing	3.Oca.22	4	0	1213	29	1213	29
Pershing	4.Oca.22	1	0	1214	29	1214	29
Pershing	5.Oca.22	0	0	1214	29	1214	29
Pershing	6.Oca.22	0	0	1214	29	1214	29
Pershing	7.Oca.22	10	0	1224	29	1224	29
Pershing	8.Oca.22	0	0	1224	29	1224	29
Pershing	9.Oca.22	0	0	1224	29	1224	29
Pershing	10.Oca.22	6	0	1230	29	1230	29
Pershing	11.Oca.22	0	0	1230	29	1230	29
Pershing	12.Oca.22	8	0	1238	29	1238	29
Pershing	13.Oca.22	0	0	1238	29	1238	29
Pershing	14.Oca.22	8	0	1246	29	1246	29
Pershing	15.Oca.22	0	0	1246	29	1246	29
Pershing	16.Oca.22	0	0	1246	29	1246	29
Pershing	17.Oca.22	0	0	1246	29	1246	29
Pershing	18.Oca.22	3	0	1249	29	1249	29
Pershing	19.Oca.22	13	0	1262	29	1262	29
Pershing	20.Oca.22	6	0	1268	29	1268	29
Pershing	21.Oca.22	0	0	1268	29	1268	29
Pershing	22.Oca.22	0	0	1268	29	1268	29
Pershing	23.Oca.22	0	0	1268	29	1268	29
Pershing	24.Oca.22	18	0	1286	29	1286	29
Pershing	25.Oca.22	9	0	1295	29	1295	29
Pershing	26.Oca.22	17	0	1312	29	1312	29
Pershing	27.Oca.22	9	0	1321	29	1321	29
Pershing	28.Oca.22	0	0	1321	29	1321	29
Pershing	29.Oca.22	0	0	1321	29	1321	29
Pershing	30.Oca.22	0	0	1321	29	1321	29
Pershing	31.Oca.22	12	0	1333	29	1333	29
Pershing	1.Þub.22	5	0	1338	29	1338	29
Pershing	2.Þub.22	0	0	1338	29	1338	29
Pershing	3.Þub.22	30	0	1368	29	1368	29
Pershing	4.Þub.22	0	0	1368	29	1368	29
Pershing	5.Þub.22	0	0	1368	29	1368	29
Pershing	6.Þub.22	0	0	1368	29	1368	29
Pershing	7.Þub.22	12	0	1380	29	1380	29
Pershing	8.Þub.22	2	0	1382	29	1382	29
Pershing	9.Þub.22	3	0	1385	29	1385	29
Pershing	10.Þub.22	0	0	1385	29	1385	29
Pershing	11.Þub.22	2	0	1387	29	1387	29
Pershing	12.Þub.22	0	0	1387	29	1387	29
Pershing	13.Þub.22	0	0	1387	29	1387	29
Pershing	14.Þub.22	0	0	1387	29	1387	29
Pershing	15.Þub.22	0	0	1387	29	1387	29
Pershing	16.Þub.22	0	0	1387	29	1387	29
Pershing	17.Þub.22	0	0	1387	29	1387	29
Pershing	18.Þub.22	3	0	1390	29	1390	29
Pershing	19.Þub.22	0	0	1390	29	1390	29
Pershing	20.Þub.22	0	0	1390	29	1390	29
Pershing	21.Þub.22	0	0	1390	29	1390	29
Pershing	22.Þub.22	9	0	1399	29	1399	29
Pershing	23.Þub.22	0	0	1399	29	1399	29
Pershing	24.Þub.22	2	0	1401	29	1401	29
Pershing	25.Þub.22	0	0	1401	29	1401	29
Pershing	26.Þub.22	0	0	1401	29	1401	29
Pershing	27.Þub.22	0	0	1401	29	1401	29
Pershing	28.Þub.22	0	0	1401	29	1401	29
Pershing	1.Mar.22	0	0	1401	29	1401	29
Pershing	2.Mar.22	0	0	1401	29	1401	29
Pershing	3.Mar.22	8	0	1409	29	1409	29
Pershing	4.Mar.22	0	0	1409	29	1409	29
Pershing	5.Mar.22	0	0	1409	29	1409	29
Pershing	6.Mar.22	0	0	1409	29	1409	29
Pershing	7.Mar.22	0	0	1409	29	1409	29
Pershing	8.Mar.22	0	0	1409	29	1409	29
Pershing	9.Mar.22	0	0	1409	29	1409	29
Pershing	10.Mar.22	7	0	1416	29	1416	29
Pershing	11.Mar.22	0	0	1416	29	1416	29
Pershing	12.Mar.22	0	0	1416	29	1416	29
Pershing	13.Mar.22	0	0	1416	29	1416	29
Pershing	14.Mar.22	0	0	1416	29	1416	29
Pershing	15.Mar.22	0	0	1416	29	1416	29
Pershing	16.Mar.22	704	0	2120	29	2120	29
Pershing	17.Mar.22	0	0	2120	29	2120	29
Pershing	18.Mar.22	0	0	2120	29	2120	29
Pershing	19.Mar.22	0	0	2120	29	2120	29
Pershing	20.Mar.22	0	0	2120	29	2120	29
Pershing	21.Mar.22	0	0	2120	29	2120	29
Pershing	22.Mar.22	0	0	2120	29	2120	29
Pershing	23.Mar.22	7	0	2127	29	2127	29
Pershing	24.Mar.22	0	0	2127	29	2127	29
Pershing	25.Mar.22	0	0	2127	29	2127	29
Pershing	26.Mar.22	0	0	2127	29	2127	29
Pershing	27.Mar.22	0	0	2127	29	2127	29
Pershing	28.Mar.22	0	0	2127	29	2127	29
Pershing	29.Mar.22	0	0	2127	29	2127	29
Pershing	30.Mar.22	1	0	2128	29	2128	29
Pershing	31.Mar.22	0	0	2128	29	2128	29
Pershing	1.Nis.22	0	0	2128	29	2128	29
Pershing	2.Nis.22	0	0	2128	29	2128	29
Pershing	3.Nis.22	0	0	2128	29	2128	29
Pershing	4.Nis.22	0	0	2128	29	2128	29
Pershing	5.Nis.22	0	0	2128	29	2128	29
Pershing	6.Nis.22	0	0	2128	29	2128	29
Pershing	7.Nis.22	0	0	2128	29	2128	29
Pershing	8.Nis.22	0	0	2128	29	2128	29
Pershing	9.Nis.22	0	0	2128	29	2128	29
Pershing	10.Nis.22	0	0	2128	29	2128	29
Pershing	11.Nis.22	0	0	2128	29	2128	29
Pershing	12.Nis.22	0	0	2128	29	2128	29
Pershing	13.Nis.22	1	0	2129	29	2129	29
Pershing	14.Nis.22	0	0	2129	29	2129	29
Pershing	15.Nis.22	0	0	2129	29	2129	29
Pershing	16.Nis.22	0	0	2129	29	2129	29
Pershing	17.Nis.22	0	0	2129	29	2129	29
Pershing	18.Nis.22	0	0	2129	29	2129	29
Pershing	19.Nis.22	0	0	2129	29	2129	29
Pershing	20.Nis.22	0	0	2129	29	2129	29
Pershing	21.Nis.22	0	0	2129	29	2129	29
Pershing	22.Nis.22	0	0	2129	29	2129	29
Pershing	23.Nis.22	0	0	2129	29	2129	29
Pershing	24.Nis.22	0	0	2129	29	2129	29
Pershing	25.Nis.22	0	0	2129	29	2129	29
Pershing	26.Nis.22	0	0	2129	29	2129	29
Pershing	27.Nis.22	0	0	2129	29	2129	29
Pershing	28.Nis.22	0	0	2129	29	2129	29
Pershing	29.Nis.22	0	0	2129	29	2129	29
Storey	1.Oca.22	0	0	240	8	240	8
Storey	2.Oca.22	0	0	240	8	240	8
Storey	3.Oca.22	0	0	240	8	240	8
Storey	4.Oca.22	4	0	244	8	244	8
Storey	5.Oca.22	0	0	244	8	244	8
Storey	6.Oca.22	3	0	247	8	247	8
Storey	7.Oca.22	3	0	250	8	250	8
Storey	8.Oca.22	0	0	250	8	250	8
Storey	9.Oca.22	0	0	250	8	250	8
Storey	10.Oca.22	2	0	252	8	252	8
Storey	11.Oca.22	2	0	254	8	254	8
Storey	12.Oca.22	-1	0	253	8	253	8
Storey	13.Oca.22	18	0	271	8	271	8
Storey	14.Oca.22	4	0	275	8	275	8
Storey	15.Oca.22	0	0	275	8	275	8
Storey	16.Oca.22	0	0	275	8	275	8
Storey	17.Oca.22	0	0	275	8	275	8
Storey	18.Oca.22	6	0	281	8	281	8
Storey	19.Oca.22	11	1	292	9	292	9
Storey	20.Oca.22	17	0	309	9	309	9
Storey	21.Oca.22	12	0	321	9	321	9
Storey	22.Oca.22	0	0	321	9	321	9
Storey	23.Oca.22	0	0	321	9	321	9
Storey	24.Oca.22	4	0	325	9	325	9
Storey	25.Oca.22	-49	0	276	9	276	9
Storey	26.Oca.22	24	0	300	9	300	9
Storey	27.Oca.22	1	0	301	9	301	9
Storey	28.Oca.22	3	0	304	9	304	9
Storey	29.Oca.22	0	0	304	9	304	9
Storey	30.Oca.22	0	0	304	9	304	9
Storey	31.Oca.22	3	0	307	9	307	9
Storey	1.Þub.22	1	0	308	9	308	9
Storey	2.Þub.22	1	0	309	9	309	9
Storey	3.Þub.22	3	0	312	9	312	9
Storey	4.Þub.22	7	0	319	9	319	9
Storey	5.Þub.22	0	0	319	9	319	9
Storey	6.Þub.22	0	0	319	9	319	9
Storey	7.Þub.22	0	0	319	9	319	9
Storey	8.Þub.22	1	0	320	9	320	9
Storey	9.Þub.22	2	0	322	9	322	9
Storey	10.Þub.22	2	0	324	9	324	9
Storey	11.Þub.22	0	0	324	9	324	9
Storey	12.Þub.22	0	0	324	9	324	9
Storey	13.Þub.22	0	0	324	9	324	9
Storey	14.Þub.22	2	0	326	9	326	9
Storey	15.Þub.22	1	0	327	9	327	9
Storey	16.Þub.22	8	0	335	9	335	9
Storey	17.Þub.22	3	0	338	9	338	9
Storey	18.Þub.22	1	0	339	9	339	9
Storey	19.Þub.22	0	0	339	9	339	9
Storey	20.Þub.22	0	0	339	9	339	9
Storey	21.Þub.22	0	0	339	9	339	9
Storey	22.Þub.22	0	0	339	9	339	9
Storey	23.Þub.22	-1	0	338	9	338	9
Storey	24.Þub.22	5	0	343	9	343	9
Storey	25.Þub.22	0	0	343	9	343	9
Storey	26.Þub.22	0	0	343	9	343	9
Storey	27.Þub.22	0	0	343	9	343	9
Storey	28.Þub.22	0	0	343	9	343	9
Storey	1.Mar.22	0	0	343	9	343	9
Storey	2.Mar.22	0	1	343	10	343	10
Storey	3.Mar.22	0	0	343	10	343	10
Storey	4.Mar.22	0	0	343	10	343	10
Storey	5.Mar.22	0	0	343	10	343	10
Storey	6.Mar.22	0	0	343	10	343	10
Storey	7.Mar.22	1	0	344	10	344	10
Storey	8.Mar.22	0	0	344	10	344	10
Storey	9.Mar.22	0	0	344	10	344	10
Storey	10.Mar.22	1	0	345	10	345	10
Storey	11.Mar.22	-1	0	344	10	344	10
Storey	12.Mar.22	0	0	344	10	344	10
Storey	13.Mar.22	0	0	344	10	344	10
Storey	14.Mar.22	0	0	344	10	344	10
Storey	15.Mar.22	0	0	344	10	344	10
Storey	16.Mar.22	-223	1	121	11	121	11
Storey	17.Mar.22	0	0	121	11	121	11
Storey	18.Mar.22	0	0	121	11	121	11
Storey	19.Mar.22	0	0	121	11	121	11
Storey	20.Mar.22	0	0	121	11	121	11
Storey	21.Mar.22	0	0	121	11	121	11
Storey	22.Mar.22	0	0	121	11	121	11
Storey	23.Mar.22	1	0	122	11	122	11
Storey	24.Mar.22	0	0	122	11	122	11
Storey	25.Mar.22	0	0	122	11	122	11
Storey	26.Mar.22	0	0	122	11	122	11
Storey	27.Mar.22	0	0	122	11	122	11
Storey	28.Mar.22	0	0	122	11	122	11
Storey	29.Mar.22	0	0	122	11	122	11
Storey	30.Mar.22	5	0	127	11	127	11
Storey	31.Mar.22	0	0	127	11	127	11
Storey	1.Nis.22	0	0	127	11	127	11
Storey	2.Nis.22	0	0	127	11	127	11
Storey	3.Nis.22	0	0	127	11	127	11
Storey	4.Nis.22	0	0	127	11	127	11
Storey	5.Nis.22	0	0	127	11	127	11
Storey	6.Nis.22	5	0	132	11	132	11
Storey	7.Nis.22	0	0	132	11	132	11
Storey	8.Nis.22	0	0	132	11	132	11
Storey	9.Nis.22	0	0	132	11	132	11
Storey	10.Nis.22	0	0	132	11	132	11
Storey	11.Nis.22	0	0	132	11	132	11
Storey	12.Nis.22	0	0	132	11	132	11
Storey	13.Nis.22	2	0	134	11	134	11
Storey	14.Nis.22	0	0	134	11	134	11
Storey	15.Nis.22	0	0	134	11	134	11
Storey	16.Nis.22	0	0	134	11	134	11
Storey	17.Nis.22	0	0	134	11	134	11
Storey	18.Nis.22	0	0	134	11	134	11
Storey	19.Nis.22	0	0	134	11	134	11
Storey	20.Nis.22	1	0	135	11	135	11
Storey	21.Nis.22	0	0	135	11	135	11
Storey	22.Nis.22	0	0	135	11	135	11
Storey	23.Nis.22	0	0	135	11	135	11
Storey	24.Nis.22	0	0	135	11	135	11
Storey	25.Nis.22	0	0	135	11	135	11
Storey	26.Nis.22	0	0	135	11	135	11
Storey	27.Nis.22	0	0	135	11	135	11
Storey	28.Nis.22	0	0	135	11	135	11
Storey	29.Nis.22	0	0	135	11	135	11
Unknown	1.Oca.22	0	0	0	0	0	0
Unknown	2.Oca.22	0	0	0	0	0	0
Unknown	3.Oca.22	0	0	0	0	0	0
Unknown	4.Oca.22	0	0	0	0	0	0
Unknown	5.Oca.22	0	0	0	0	0	0
Unknown	6.Oca.22	0	0	0	0	0	0
Unknown	7.Oca.22	0	0	0	0	0	0
Unknown	8.Oca.22	0	0	0	0	0	0
Unknown	9.Oca.22	0	0	0	0	0	0
Unknown	10.Oca.22	0	0	0	0	0	0
Unknown	11.Oca.22	0	0	0	0	0	0
Unknown	12.Oca.22	0	0	0	0	0	0
Unknown	13.Oca.22	0	0	0	0	0	0
Unknown	14.Oca.22	0	0	0	0	0	0
Unknown	15.Oca.22	0	0	0	0	0	0
Unknown	16.Oca.22	0	0	0	0	0	0
Unknown	17.Oca.22	0	0	0	0	0	0
Unknown	18.Oca.22	0	0	0	0	0	0
Unknown	19.Oca.22	0	0	0	0	0	0
Unknown	20.Oca.22	0	0	0	0	0	0
Unknown	21.Oca.22	0	0	0	0	0	0
Unknown	22.Oca.22	0	0	0	0	0	0
Unknown	23.Oca.22	0	0	0	0	0	0
Unknown	24.Oca.22	0	0	0	0	0	0
Unknown	25.Oca.22	0	0	0	0	0	0
Unknown	26.Oca.22	0	0	0	0	0	0
Unknown	27.Oca.22	0	0	0	0	0	0
Unknown	28.Oca.22	0	0	0	0	0	0
Unknown	29.Oca.22	0	0	0	0	0	0
Unknown	30.Oca.22	0	0	0	0	0	0
Unknown	31.Oca.22	0	0	0	0	0	0
Unknown	1.Þub.22	0	0	0	0	0	0
Unknown	2.Þub.22	0	0	0	0	0	0
Unknown	3.Þub.22	0	0	0	0	0	0
Unknown	4.Þub.22	0	0	0	0	0	0
Unknown	5.Þub.22	0	0	0	0	0	0
Unknown	6.Þub.22	0	0	0	0	0	0
Unknown	7.Þub.22	0	0	0	0	0	0
Unknown	8.Þub.22	0	0	0	0	0	0
Unknown	9.Þub.22	0	0	0	0	0	0
Unknown	10.Þub.22	0	0	0	0	0	0
Unknown	11.Þub.22	0	0	0	0	0	0
Unknown	12.Þub.22	0	0	0	0	0	0
Unknown	13.Þub.22	0	0	0	0	0	0
Unknown	14.Þub.22	0	0	0	0	0	0
Unknown	15.Þub.22	0	0	0	0	0	0
Unknown	16.Þub.22	0	0	0	0	0	0
Unknown	17.Þub.22	0	0	0	0	0	0
Unknown	18.Þub.22	0	0	0	0	0	0
Unknown	19.Þub.22	0	0	0	0	0	0
Unknown	20.Þub.22	0	0	0	0	0	0
Unknown	21.Þub.22	0	0	0	0	0	0
Unknown	22.Þub.22	0	0	0	0	0	0
Unknown	23.Þub.22	0	0	0	0	0	0
Unknown	24.Þub.22	0	0	0	0	0	0
Unknown	25.Þub.22	0	0	0	0	0	0
Unknown	26.Þub.22	0	0	0	0	0	0
Unknown	27.Þub.22	0	0	0	0	0	0
Unknown	28.Þub.22	0	0	0	0	0	0
Unknown	1.Mar.22	0	0	0	0	0	0
Unknown	2.Mar.22	0	0	0	0	0	0
Unknown	3.Mar.22	0	0	0	0	0	0
Unknown	4.Mar.22	0	0	0	0	0	0
Unknown	5.Mar.22	0	0	0	0	0	0
Unknown	6.Mar.22	0	0	0	0	0	0
Unknown	7.Mar.22	0	0	0	0	0	0
Unknown	8.Mar.22	0	0	0	0	0	0
Unknown	9.Mar.22	0	0	0	0	0	0
Unknown	10.Mar.22	0	0	0	0	0	0
Unknown	11.Mar.22	0	0	0	0	0	0
Unknown	12.Mar.22	0	0	0	0	0	0
Unknown	13.Mar.22	0	0	0	0	0	0
Unknown	14.Mar.22	0	0	0	0	0	0
Unknown	15.Mar.22	22655	11	22655	11	22655	11
Unknown	16.Mar.22	-16412	-11	6243	0	6243	0
Unknown	17.Mar.22	139	0	6382	0	6382	0
Unknown	18.Mar.22	0	0	6382	0	6382	0
Unknown	19.Mar.22	401	39	6783	39	6783	39
Unknown	20.Mar.22	0	0	6783	39	6783	39
Unknown	21.Mar.22	0	0	6783	39	6783	39
Unknown	22.Mar.22	202	28	6985	67	6985	67
Unknown	23.Mar.22	-805	-67	6180	0	6180	0
Unknown	24.Mar.22	0	0	6180	0	6180	0
Unknown	25.Mar.22	403	12	6583	12	6583	12
Unknown	26.Mar.22	207	10	6790	22	6790	22
Unknown	27.Mar.22	0	0	6790	22	6790	22
Unknown	28.Mar.22	0	0	6790	22	6790	22
Unknown	29.Mar.22	234	3	7024	25	7024	25
Unknown	30.Mar.22	-813	-25	6211	0	6211	0
Unknown	31.Mar.22	146	0	6357	0	6357	0
Unknown	1.Nis.22	158	16	6515	16	6515	16
Unknown	2.Nis.22	218	18	6733	34	6733	34
Unknown	3.Nis.22	0	0	6733	34	6733	34
Unknown	4.Nis.22	0	0	6733	34	6733	34
Unknown	5.Nis.22	192	7	6925	41	6925	41
Unknown	6.Nis.22	-725	-41	6200	0	6200	0
Unknown	7.Nis.22	119	0	6319	0	6319	0
Unknown	8.Nis.22	179	18	6498	18	6498	18
Unknown	9.Nis.22	174	10	6672	28	6672	28
Unknown	10.Nis.22	0	0	6672	28	6672	28
Unknown	11.Nis.22	0	0	6672	28	6672	28
Unknown	12.Nis.22	273	21	6945	49	6945	49
Unknown	13.Nis.22	-688	-49	6257	0	6257	0
Unknown	14.Nis.22	121	0	6378	0	6378	0
Unknown	15.Nis.22	198	159	6576	159	6576	159
Unknown	16.Nis.22	210	5	6786	164	6786	164
Unknown	17.Nis.22	0	0	6786	164	6786	164
Unknown	18.Nis.22	0	0	6786	164	6786	164
Unknown	19.Nis.22	251	17	7037	181	7037	181
Unknown	20.Nis.22	-839	-181	6198	0	6198	0
Unknown	21.Nis.22	183	0	6381	0	6381	0
Unknown	22.Nis.22	297	0	6678	0	6678	0
Unknown	23.Nis.22	340	44	7018	44	7018	44
Unknown	24.Nis.22	0	0	7018	44	7018	44
Unknown	25.Nis.22	0	0	7018	44	7018	44
Unknown	26.Nis.22	236	0	7254	44	7254	44
Unknown	27.Nis.22	-1104	-44	6150	0	6150	0
Unknown	28.Nis.22	238	0	6388	0	6388	0
Unknown	29.Nis.22	348	23	6736	23	6736	23
Washoe	1.Oca.22	0	0	72020	1016	72020	1016
Washoe	2.Oca.22	0	0	72020	1016	72020	1016
Washoe	4.Oca.22	290	0	73298	1020	73298	1020
Washoe	6.Oca.22	573	0	74304	1025	74304	1025
Washoe	8.Oca.22	0	0	75399	1027	75399	1027
Washoe	9.Oca.22	0	0	75399	1027	75399	1027
Washoe	11.Oca.22	1097	0	78412	1030	78412	1030
Washoe	14.Oca.22	1206	0	81129	1036	81129	1036
Washoe	15.Oca.22	0	0	81129	1036	81129	1036
Washoe	16.Oca.22	0	0	81129	1036	81129	1036
Washoe	17.Oca.22	0	0	81129	1036	81129	1036
Washoe	20.Oca.22	1243	0	87021	1041	87021	1041
Washoe	22.Oca.22	0	0	88651	1044	88651	1044
Washoe	23.Oca.22	0	0	88651	1044	88651	1044
Washoe	29.Oca.22	0	0	95261	1059	95261	1059
Washoe	30.Oca.22	0	0	95261	1059	95261	1059
Washoe	5.Þub.22	0	0	98818	1093	98818	1093
Washoe	6.Þub.22	0	0	98818	1093	98818	1093
Washoe	12.Þub.22	0	0	100673	1111	100673	1111
Washoe	13.Þub.22	0	0	100673	1111	100673	1111
Washoe	18.Þub.22	149	0	101471	1128	101471	1128
Washoe	19.Þub.22	0	0	101471	1128	101471	1128
Washoe	20.Þub.22	0	0	101471	1128	101471	1128
Washoe	21.Þub.22	0	0	101471	1128	101471	1128
Washoe	26.Þub.22	0	0	102276	1143	102276	1143
Washoe	27.Þub.22	0	0	102276	1143	102276	1143
Washoe	1.Mar.22	16	0	102416	1147	102416	1147
Washoe	2.Mar.22	108	0	102524	1147	102524	1147
Washoe	5.Mar.22	0	0	102671	1157	102671	1157
Washoe	6.Mar.22	0	0	102671	1157	102671	1157
Washoe	12.Mar.22	0	0	102747	1167	102747	1167
Washoe	13.Mar.22	0	0	102747	1167	102747	1167
Washoe	14.Mar.22	0	0	102747	1167	102747	1167
Washoe	15.Mar.22	0	0	102747	1167	102747	1167
Washoe	17.Mar.22	0	0	104065	1169	104065	1169
Washoe	18.Mar.22	0	0	104065	1169	104065	1169
Washoe	19.Mar.22	0	0	104065	1169	104065	1169
Washoe	20.Mar.22	0	0	104065	1169	104065	1169
Washoe	21.Mar.22	0	0	104065	1169	104065	1169
Washoe	22.Mar.22	0	0	104065	1169	104065	1169
Washoe	24.Mar.22	0	0	104188	1177	104188	1177
Washoe	25.Mar.22	0	0	104188	1177	104188	1177
Washoe	26.Mar.22	0	0	104188	1177	104188	1177
Washoe	27.Mar.22	0	0	104188	1177	104188	1177
Washoe	28.Mar.22	0	0	104188	1177	104188	1177
Washoe	29.Mar.22	0	0	104188	1177	104188	1177
Washoe	31.Mar.22	0	0	104346	1179	104346	1179
Washoe	1.Nis.22	0	0	104346	1179	104346	1179
Washoe	2.Nis.22	0	0	104346	1179	104346	1179
Washoe	3.Nis.22	0	0	104346	1179	104346	1179
Washoe	4.Nis.22	0	0	104346	1179	104346	1179
Washoe	5.Nis.22	0	0	104346	1179	104346	1179
Washoe	7.Nis.22	0	0	104517	1184	104517	1184
Washoe	8.Nis.22	0	0	104517	1184	104517	1184
Washoe	9.Nis.22	0	0	104517	1184	104517	1184
Washoe	10.Nis.22	0	0	104517	1184	104517	1184
Washoe	11.Nis.22	0	0	104517	1184	104517	1184
Washoe	12.Nis.22	0	0	104517	1184	104517	1184
Washoe	14.Nis.22	0	0	104684	1192	104684	1192
Washoe	15.Nis.22	0	0	104684	1192	104684	1192
Washoe	16.Nis.22	0	0	104684	1192	104684	1192
Washoe	17.Nis.22	0	0	104684	1192	104684	1192
Washoe	18.Nis.22	0	0	104684	1192	104684	1192
Washoe	19.Nis.22	0	0	104684	1192	104684	1192
Washoe	21.Nis.22	0	0	104836	1193	104836	1193
Washoe	22.Nis.22	0	0	104836	1193	104836	1193
Washoe	23.Nis.22	0	0	104836	1193	104836	1193
Washoe	24.Nis.22	0	0	104836	1193	104836	1193
Washoe	25.Nis.22	0	0	104836	1193	104836	1193
Washoe	26.Nis.22	0	0	104836	1193	104836	1193
Washoe	28.Nis.22	0	0	105094	1195	105094	1195
Washoe	29.Nis.22	0	0	105094	1195	105094	1195
Washoe	19.Oca.22	901	1	85778	1041	85778	1041
Washoe	9.Þub.22	307	1	100144	1107	100144	1107
Washoe	14.Þub.22	401	1	101074	1112	101074	1112
Washoe	25.Þub.22	184	1	102276	1143	102276	1143
Washoe	10.Mar.22	13	1	102749	1165	102749	1165
Washoe	20.Nis.22	152	1	104836	1193	104836	1193
Washoe	7.Oca.22	1095	2	75399	1027	75399	1027
Washoe	26.Oca.22	665	2	93212	1052	93212	1052
Washoe	10.Þub.22	302	2	100446	1109	100446	1109
Washoe	11.Þub.22	227	2	100673	1111	100673	1111
Washoe	16.Þub.22	132	2	101260	1120	101260	1120
Washoe	23.Þub.22	-7	2	101745	1136	101745	1136
Washoe	7.Mar.22	45	2	102716	1159	102716	1159
Washoe	9.Mar.22	19	2	102736	1164	102736	1164
Washoe	11.Mar.22	-2	2	102747	1167	102747	1167
Washoe	16.Mar.22	1318	2	104065	1169	104065	1169
Washoe	30.Mar.22	158	2	104346	1179	104346	1179
Washoe	27.Nis.22	258	2	105094	1195	105094	1195
Washoe	10.Oca.22	1916	3	77315	1030	77315	1030
Washoe	12.Oca.22	682	3	79094	1033	79094	1033
Washoe	13.Oca.22	829	3	79923	1036	79923	1036
Washoe	21.Oca.22	1630	3	88651	1044	88651	1044
Washoe	24.Oca.22	2980	3	91631	1047	91631	1047
Washoe	25.Oca.22	916	3	92547	1050	92547	1050
Washoe	27.Oca.22	1068	3	94280	1055	94280	1055
Washoe	1.Þub.22	268	3	97267	1068	97267	1068
Washoe	3.Mar.22	117	3	102641	1150	102641	1150
Washoe	8.Mar.22	1	3	102717	1162	102717	1162
Washoe	3.Oca.22	988	4	73008	1020	73008	1020
Washoe	18.Oca.22	3748	4	84877	1040	84877	1040
Washoe	28.Oca.22	981	4	95261	1059	95261	1059
Washoe	8.Þub.22	223	4	99837	1106	99837	1106
Washoe	28.Þub.22	124	4	102400	1147	102400	1147
Washoe	5.Oca.22	433	5	73731	1025	73731	1025
Washoe	4.Þub.22	390	5	98818	1093	98818	1093
Washoe	6.Nis.22	171	5	104517	1184	104517	1184
Washoe	31.Oca.22	1738	6	96999	1065	96999	1065
Washoe	15.Þub.22	54	6	101128	1118	101128	1118
Washoe	22.Þub.22	281	6	101752	1134	101752	1134
Washoe	24.Þub.22	347	6	102092	1142	102092	1142
Washoe	4.Mar.22	30	7	102671	1157	102671	1157
Washoe	17.Þub.22	62	8	101322	1128	101322	1128
Washoe	23.Mar.22	123	8	104188	1177	104188	1177
Washoe	13.Nis.22	167	8	104684	1192	104684	1192
Washoe	7.Þub.22	796	9	99614	1102	99614	1102
Washoe	2.Þub.22	627	10	97894	1078	97894	1078
Washoe	3.Þub.22	534	10	98428	1088	98428	1088
White Pine	1.Oca.22	0	0	1480	18	1480	18
White Pine	2.Oca.22	0	0	1480	18	1480	18
White Pine	3.Oca.22	0	0	1480	18	1480	18
White Pine	4.Oca.22	12	0	1492	18	1492	18
White Pine	5.Oca.22	0	0	1492	18	1492	18
White Pine	6.Oca.22	0	0	1492	18	1492	18
White Pine	7.Oca.22	8	0	1500	18	1500	18
White Pine	8.Oca.22	0	0	1500	18	1500	18
White Pine	9.Oca.22	0	0	1500	18	1500	18
White Pine	10.Oca.22	0	0	1500	18	1500	18
White Pine	11.Oca.22	0	0	1500	18	1500	18
White Pine	12.Oca.22	11	0	1511	18	1511	18
White Pine	13.Oca.22	0	0	1511	18	1511	18
White Pine	14.Oca.22	0	0	1511	18	1511	18
White Pine	15.Oca.22	0	0	1511	18	1511	18
White Pine	16.Oca.22	0	0	1511	18	1511	18
White Pine	17.Oca.22	0	0	1511	18	1511	18
White Pine	18.Oca.22	81	0	1592	18	1592	18
White Pine	19.Oca.22	0	0	1592	18	1592	18
White Pine	20.Oca.22	55	0	1647	18	1647	18
White Pine	21.Oca.22	0	0	1647	18	1647	18
White Pine	22.Oca.22	0	0	1647	18	1647	18
White Pine	23.Oca.22	0	0	1647	18	1647	18
White Pine	24.Oca.22	71	0	1718	18	1718	18
White Pine	25.Oca.22	40	0	1758	18	1758	18
White Pine	26.Oca.22	0	0	1758	18	1758	18
White Pine	27.Oca.22	0	0	1758	18	1758	18
White Pine	28.Oca.22	38	0	1796	18	1796	18
White Pine	29.Oca.22	0	0	1796	18	1796	18
White Pine	30.Oca.22	0	0	1796	18	1796	18
White Pine	31.Oca.22	9	0	1805	18	1805	18
White Pine	1.Þub.22	4	0	1809	18	1809	18
White Pine	2.Þub.22	12	0	1821	18	1821	18
White Pine	3.Þub.22	13	0	1834	18	1834	18
White Pine	4.Þub.22	6	0	1840	18	1840	18
White Pine	5.Þub.22	0	0	1840	18	1840	18
White Pine	6.Þub.22	0	0	1840	18	1840	18
White Pine	7.Þub.22	0	0	1840	18	1840	18
White Pine	8.Þub.22	45	0	1885	18	1885	18
White Pine	9.Þub.22	18	0	1903	18	1903	18
White Pine	10.Þub.22	5	0	1908	18	1908	18
White Pine	11.Þub.22	3	0	1911	18	1911	18
White Pine	12.Þub.22	0	0	1911	18	1911	18
White Pine	13.Þub.22	0	0	1911	18	1911	18
White Pine	14.Þub.22	0	0	1911	18	1911	18
White Pine	15.Þub.22	11	0	1922	18	1922	18
White Pine	16.Þub.22	4	0	1926	18	1926	18
White Pine	17.Þub.22	3	0	1929	18	1929	18
White Pine	19.Þub.22	0	0	1936	19	1936	19
White Pine	20.Þub.22	0	0	1936	19	1936	19
White Pine	21.Þub.22	0	0	1936	19	1936	19
White Pine	22.Þub.22	0	0	1936	19	1936	19
White Pine	23.Þub.22	7	0	1943	19	1943	19
White Pine	24.Þub.22	0	0	1943	19	1943	19
White Pine	25.Þub.22	0	0	1943	19	1943	19
White Pine	26.Þub.22	0	0	1943	19	1943	19
White Pine	27.Þub.22	0	0	1943	19	1943	19
White Pine	28.Þub.22	0	0	1943	19	1943	19
White Pine	1.Mar.22	2	0	1945	19	1945	19
White Pine	2.Mar.22	0	0	1945	19	1945	19
White Pine	3.Mar.22	1	0	1946	19	1946	19
White Pine	4.Mar.22	0	0	1946	19	1946	19
White Pine	5.Mar.22	0	0	1946	19	1946	19
White Pine	6.Mar.22	0	0	1946	19	1946	19
White Pine	7.Mar.22	0	0	1946	19	1946	19
White Pine	8.Mar.22	1	0	1947	19	1947	19
White Pine	9.Mar.22	0	0	1947	19	1947	19
White Pine	10.Mar.22	0	0	1947	19	1947	19
White Pine	11.Mar.22	0	0	1947	19	1947	19
White Pine	12.Mar.22	0	0	1947	19	1947	19
White Pine	13.Mar.22	0	0	1947	19	1947	19
White Pine	14.Mar.22	0	0	1947	19	1947	19
White Pine	15.Mar.22	0	0	1947	19	1947	19
White Pine	16.Mar.22	-247	0	1700	19	1700	19
White Pine	17.Mar.22	0	0	1700	19	1700	19
White Pine	18.Mar.22	0	0	1700	19	1700	19
White Pine	19.Mar.22	0	0	1700	19	1700	19
White Pine	20.Mar.22	0	0	1700	19	1700	19
White Pine	21.Mar.22	0	0	1700	19	1700	19
White Pine	22.Mar.22	0	0	1700	19	1700	19
White Pine	23.Mar.22	0	0	1700	19	1700	19
White Pine	24.Mar.22	0	0	1700	19	1700	19
White Pine	25.Mar.22	0	0	1700	19	1700	19
White Pine	26.Mar.22	0	0	1700	19	1700	19
White Pine	27.Mar.22	0	0	1700	19	1700	19
White Pine	28.Mar.22	0	0	1700	19	1700	19
White Pine	29.Mar.22	0	0	1700	19	1700	19
White Pine	30.Mar.22	-2	0	1698	19	1698	19
White Pine	31.Mar.22	0	0	1698	19	1698	19
White Pine	1.Nis.22	0	0	1698	19	1698	19
White Pine	2.Nis.22	0	0	1698	19	1698	19
White Pine	3.Nis.22	0	0	1698	19	1698	19
White Pine	4.Nis.22	0	0	1698	19	1698	19
White Pine	5.Nis.22	0	0	1698	19	1698	19
White Pine	6.Nis.22	0	0	1698	19	1698	19
White Pine	7.Nis.22	0	0	1698	19	1698	19
White Pine	8.Nis.22	0	0	1698	19	1698	19
White Pine	9.Nis.22	0	0	1698	19	1698	19
White Pine	10.Nis.22	0	0	1698	19	1698	19
White Pine	11.Nis.22	0	0	1698	19	1698	19
White Pine	12.Nis.22	0	0	1698	19	1698	19
White Pine	13.Nis.22	0	0	1698	19	1698	19
White Pine	14.Nis.22	0	0	1698	19	1698	19
White Pine	15.Nis.22	0	0	1698	19	1698	19
White Pine	16.Nis.22	0	0	1698	19	1698	19
White Pine	17.Nis.22	0	0	1698	19	1698	19
White Pine	18.Nis.22	0	0	1698	19	1698	19
White Pine	19.Nis.22	0	0	1698	19	1698	19
White Pine	20.Nis.22	-1	0	1697	19	1697	19
White Pine	21.Nis.22	0	0	1697	19	1697	19
White Pine	22.Nis.22	0	0	1697	19	1697	19
White Pine	23.Nis.22	0	0	1697	19	1697	19
White Pine	24.Nis.22	0	0	1697	19	1697	19
White Pine	25.Nis.22	0	0	1697	19	1697	19
White Pine	26.Nis.22	0	0	1697	19	1697	19
White Pine	27.Nis.22	-2	0	1695	19	1695	19
White Pine	28.Nis.22	0	0	1695	19	1695	19
White Pine	29.Nis.22	0	0	1695	19	1695	19
White Pine	18.Þub.22	7	1	1936	19	1936	19
